payment_id,case_id,county_code,county,payment_date,payment_type,amount,obligation_id
P0000001,C00001,001,Wake,2026-06-21,CURRENT,13.88,O0000001
P0000002,C00001,001,Wake,2026-06-28,CURRENT,346.22,O0000001
P0000003,C00001,001,Wake,2026-06-19,CURRENT,103.31,O0000001
P0000004,C00001,001,Wake,2026-07-21,CURRENT,469.79,O0000002
P0000006,C00002,002,Durham,2026-06-19,CURRENT,214.45,O0000004
P0000007,C00002,002,Durham,2026-06-13,CURRENT,229.03,O0000004
P0000008,C00002,002,Durham,2026-07-12,CURRENT,136.66,O0000005
P0000009,C00002,002,Durham,2026-07-20,CURRENT,16.64,O0000005
P0000010,C00002,002,Durham,2026-07-08,CURRENT,251.53,O0000005
P0000014,C00003,003,Orange,2026-06-03,CURRENT,538.54,O0000007
P0000015,C00003,003,Orange,2026-06-24,CURRENT,24.01,O0000007
P0000016,C00003,003,Orange,2026-06-12,ARREARS,50.0,
P0000017,C00003,003,Orange,2026-07-02,CURRENT,642.54,O0000008
P0000020,C00004,004,Johnston,2026-06-28,CURRENT,82.88,O0000010
P0000021,C00004,004,Johnston,2026-06-24,CURRENT,315.75,O0000010
P0000022,C00004,004,Johnston,2026-07-13,CURRENT,400.7,O0000011
P0000023,C00004,004,Johnston,2026-08-25,CURRENT,211.99,O0000012
P0000024,C00004,004,Johnston,2026-08-10,CURRENT,194.61,O0000012
P0000025,C00004,004,Johnston,2026-08-08,ARREARS,125.0,
P0000026,C00005,005,Chatham,2026-06-16,CURRENT,17.12,O0000013
P0000027,C00005,005,Chatham,2026-06-16,CURRENT,346.84,O0000013
P0000028,C00005,005,Chatham,2026-06-08,CURRENT,0.59,O0000013
P0000029,C00005,005,Chatham,2026-07-02,CURRENT,93.95,O0000014
P0000030,C00005,005,Chatham,2026-07-15,CURRENT,221.43,O0000014
P0000031,C00005,005,Chatham,2026-08-04,CURRENT,331.83,O0000015
P0000032,C00006,006,Alamance,2026-06-07,CURRENT,569.04,O0000016
P0000033,C00006,006,Alamance,2026-07-05,CURRENT,473.76,O0000017
P0000034,C00006,006,Alamance,2026-07-25,CURRENT,69.11,O0000017
P0000035,C00006,006,Alamance,2026-08-21,CURRENT,574.33,O0000018
P0000036,C00007,007,Cumberland,2026-06-06,CURRENT,261.28,O0000019
P0000037,C00007,007,Cumberland,2026-07-07,CURRENT,296.86,O0000020
P0000038,C00007,007,Cumberland,2026-08-25,CURRENT,295.5,O0000021
P0000039,C00008,008,Guilford,2026-06-12,CURRENT,2.36,O0000022
P0000040,C00008,008,Guilford,2026-06-28,CURRENT,253.29,O0000022
P0000041,C00008,008,Guilford,2026-06-11,CURRENT,120.03,O0000022
P0000042,C00008,008,Guilford,2026-07-05,CURRENT,42.38,O0000023
P0000043,C00008,008,Guilford,2026-07-06,CURRENT,350.48,O0000023
P0000044,C00008,008,Guilford,2026-08-15,CURRENT,291.58,O0000024
P0000045,C00008,008,Guilford,2026-08-09,CURRENT,70.66,O0000024
P0000046,C00009,001,Wake,2026-06-13,CURRENT,430.82,O0000025
P0000047,C00009,001,Wake,2026-07-02,CURRENT,201.69,O0000026
P0000048,C00009,001,Wake,2026-07-25,CURRENT,251.0,O0000026
P0000049,C00009,001,Wake,2026-08-27,CURRENT,447.84,O0000027
P0000050,C00010,002,Durham,2026-06-17,CURRENT,39.28,O0000028
P0000051,C00010,002,Durham,2026-06-15,CURRENT,271.62,O0000028
P0000052,C00010,002,Durham,2026-07-04,CURRENT,261.67,O0000029
P0000053,C00010,002,Durham,2026-07-06,CURRENT,23.76,O0000029
P0000054,C00010,002,Durham,2026-08-12,CURRENT,143.95,O0000030
P0000055,C00010,002,Durham,2026-08-24,CURRENT,124.69,O0000030
P0000056,C00011,003,Orange,2026-06-15,CURRENT,393.75,O0000031
P0000057,C00011,003,Orange,2026-07-26,CURRENT,471.01,O0000032
P0000058,C00011,003,Orange,2026-08-11,CURRENT,413.64,O0000033
P0000059,C00012,004,Johnston,2026-06-05,CURRENT,361.75,O0000034
P0000060,C00012,004,Johnston,2026-07-08,CURRENT,69.5,O0000035
P0000061,C00012,004,Johnston,2026-07-14,CURRENT,34.98,O0000035
P0000062,C00012,004,Johnston,2026-07-26,CURRENT,267.63,O0000035
P0000063,C00012,004,Johnston,2026-08-14,CURRENT,177.56,O0000036
P0000064,C00012,004,Johnston,2026-08-23,CURRENT,172.11,O0000036
P0000065,C00012,004,Johnston,2026-08-14,CURRENT,32.85,O0000036
P0000066,C00013,005,Chatham,2026-06-02,CURRENT,527.33,O0000037
P0000067,C00013,005,Chatham,2026-07-03,CURRENT,480.53,O0000038
P0000068,C00013,005,Chatham,2026-08-05,CURRENT,100.65,O0000039
P0000069,C00013,005,Chatham,2026-08-22,CURRENT,391.01,O0000039
P0000070,C00014,006,Alamance,2026-06-13,CURRENT,562.62,O0000040
P0000071,C00014,006,Alamance,2026-06-10,ARREARS,50.0,
P0000072,C00014,006,Alamance,2026-07-20,CURRENT,552.47,O0000041
P0000073,C00014,006,Alamance,2026-07-22,ARREARS,125.0,
P0000074,C00014,006,Alamance,2026-08-01,CURRENT,175.91,O0000042
P0000075,C00014,006,Alamance,2026-08-16,CURRENT,409.8,O0000042
P0000076,C00015,007,Cumberland,2026-06-13,CURRENT,460.0,O0000043
P0000077,C00015,007,Cumberland,2026-06-06,CURRENT,101.74,O0000043
P0000078,C00015,007,Cumberland,2026-07-08,CURRENT,381.59,O0000044
P0000079,C00015,007,Cumberland,2026-07-02,CURRENT,110.81,O0000044
P0000080,C00015,007,Cumberland,2026-08-09,CURRENT,536.3,O0000045
P0000081,C00016,008,Guilford,2026-06-07,CURRENT,534.34,O0000046
P0000082,C00016,008,Guilford,2026-07-18,CURRENT,539.13,O0000047
P0000083,C00016,008,Guilford,2026-08-15,CURRENT,547.2,O0000048
P0000084,C00017,001,Wake,2026-06-17,CURRENT,18.73,O0000049
P0000085,C00017,001,Wake,2026-06-04,CURRENT,583.99,O0000049
P0000086,C00017,001,Wake,2026-07-25,CURRENT,581.4,O0000050
P0000087,C00017,001,Wake,2026-08-11,CURRENT,8.4,O0000051
P0000088,C00017,001,Wake,2026-08-04,CURRENT,537.37,O0000051
P0000089,C00018,002,Durham,2026-06-04,CURRENT,264.82,O0000052
P0000090,C00018,002,Durham,2026-06-02,CURRENT,7.51,O0000052
P0000091,C00018,002,Durham,2026-06-06,CURRENT,66.22,O0000052
P0000092,C00018,002,Durham,2026-07-09,CURRENT,349.96,O0000053
P0000093,C00018,002,Durham,2026-08-05,CURRENT,313.98,O0000054
P0000094,C00019,003,Orange,2026-06-17,CURRENT,387.63,O0000055
P0000095,C00019,003,Orange,2026-07-24,CURRENT,144.35,O0000056
P0000096,C00019,003,Orange,2026-07-16,CURRENT,176.4,O0000056
P0000097,C00019,003,Orange,2026-07-11,ARREARS,100.0,
P0000098,C00019,003,Orange,2026-08-16,CURRENT,166.33,O0000057
P0000099,C00019,003,Orange,2026-08-02,CURRENT,158.28,O0000057
P0000100,C00020,004,Johnston,2026-06-02,CURRENT,260.4,O0000058
P0000101,C00020,004,Johnston,2026-06-22,CURRENT,404.3,O0000058
P0000102,C00020,004,Johnston,2026-07-03,CURRENT,657.74,O0000059
P0000103,C00020,004,Johnston,2026-08-14,CURRENT,310.24,O0000060
P0000104,C00020,004,Johnston,2026-08-07,CURRENT,294.28,O0000060
P0000105,C00021,005,Chatham,2026-06-22,CURRENT,379.65,O0000061
P0000106,C00021,005,Chatham,2026-07-03,CURRENT,424.25,O0000062
P0000107,C00021,005,Chatham,2026-07-11,ARREARS,50.0,
P0000108,C00021,005,Chatham,2026-08-20,CURRENT,226.26,O0000063
P0000109,C00021,005,Chatham,2026-08-11,CURRENT,192.2,O0000063
P0000110,C00022,006,Alamance,2026-06-07,CURRENT,200.69,O0000064
P0000111,C00022,006,Alamance,2026-06-26,CURRENT,357.56,O0000064
P0000112,C00022,006,Alamance,2026-07-06,CURRENT,56.2,O0000065
P0000113,C00022,006,Alamance,2026-07-21,CURRENT,538.44,O0000065
P0000114,C00022,006,Alamance,2026-08-19,CURRENT,592.98,O0000066
P0000115,C00022,006,Alamance,2026-08-02,CURRENT,5.82,O0000066
P0000116,C00023,007,Cumberland,2026-06-24,CURRENT,235.07,O0000067
P0000117,C00023,007,Cumberland,2026-06-19,CURRENT,55.44,O0000067
P0000118,C00023,007,Cumberland,2026-06-21,CURRENT,222.56,O0000067
P0000119,C00023,007,Cumberland,2026-07-06,CURRENT,573.26,O0000068
P0000120,C00023,007,Cumberland,2026-08-09,CURRENT,271.77,O0000069
P0000121,C00023,007,Cumberland,2026-08-04,CURRENT,298.78,O0000069
P0000122,C00024,008,Guilford,2026-06-26,CURRENT,70.06,O0000070
P0000123,C00024,008,Guilford,2026-06-07,CURRENT,282.6,O0000070
P0000124,C00024,008,Guilford,2026-07-26,CURRENT,57.36,O0000071
P0000125,C00024,008,Guilford,2026-07-02,CURRENT,271.26,O0000071
P0000126,C00024,008,Guilford,2026-07-12,ARREARS,50.0,
P0000127,C00024,008,Guilford,2026-08-23,CURRENT,58.81,O0000072
P0000128,C00024,008,Guilford,2026-08-07,CURRENT,246.44,O0000072
P0000129,C00025,001,Wake,2026-06-24,CURRENT,365.54,O0000073
P0000130,C00025,001,Wake,2026-07-09,CURRENT,347.15,O0000074
P0000131,C00025,001,Wake,2026-08-25,CURRENT,173.98,O0000075
P0000132,C00025,001,Wake,2026-08-16,CURRENT,219.57,O0000075
P0000133,C00026,002,Durham,2026-06-01,CURRENT,573.56,O0000076
P0000134,C00026,002,Durham,2026-07-27,CURRENT,165.59,O0000077
P0000135,C00026,002,Durham,2026-07-11,CURRENT,392.35,O0000077
P0000136,C00026,002,Durham,2026-07-26,ARREARS,75.0,
P0000137,C00026,002,Durham,2026-08-16,CURRENT,441.69,O0000078
P0000138,C00026,002,Durham,2026-08-13,CURRENT,154.1,O0000078
P0000139,C00027,003,Orange,2026-06-18,CURRENT,43.89,O0000079
P0000140,C00027,003,Orange,2026-06-09,CURRENT,442.58,O0000079
P0000141,C00027,003,Orange,2026-07-02,CURRENT,494.62,O0000080
P0000142,C00027,003,Orange,2026-08-27,CURRENT,335.79,O0000081
P0000143,C00027,003,Orange,2026-08-11,CURRENT,110.19,O0000081
P0000144,C00028,004,Johnston,2026-06-16,CURRENT,647.19,O0000082
P0000145,C00028,004,Johnston,2026-07-25,CURRENT,618.54,O0000083
P0000146,C00028,004,Johnston,2026-08-13,CURRENT,385.46,O0000084
P0000147,C00028,004,Johnston,2026-08-27,CURRENT,215.69,O0000084
P0000148,C00029,005,Chatham,2026-06-10,CURRENT,531.28,O0000085
P0000149,C00029,005,Chatham,2026-07-18,CURRENT,500.04,O0000086
P0000150,C00029,005,Chatham,2026-07-05,ARREARS,150.0,
P0000151,C00029,005,Chatham,2026-08-19,CURRENT,8.57,O0000087
P0000152,C00029,005,Chatham,2026-08-22,CURRENT,282.46,O0000087
P0000153,C00029,005,Chatham,2026-08-24,CURRENT,202.19,O0000087
P0000154,C00030,006,Alamance,2026-06-05,CURRENT,475.92,O0000088
P0000155,C00030,006,Alamance,2026-07-12,CURRENT,509.28,O0000089
P0000156,C00030,006,Alamance,2026-08-26,CURRENT,163.12,O0000090
P0000157,C00030,006,Alamance,2026-08-22,CURRENT,322.2,O0000090
P0000158,C00031,007,Cumberland,2026-06-26,CURRENT,511.42,O0000091
P0000159,C00031,007,Cumberland,2026-06-06,ARREARS,125.0,
P0000160,C00031,007,Cumberland,2026-07-06,CURRENT,579.22,O0000092
P0000161,C00031,007,Cumberland,2026-08-24,CURRENT,41.93,O0000093
P0000162,C00031,007,Cumberland,2026-08-18,CURRENT,467.97,O0000093
P0000163,C00031,007,Cumberland,2026-08-15,CURRENT,1.81,O0000093
P0000164,C00031,007,Cumberland,2026-08-12,ARREARS,150.0,
P0000165,C00032,008,Guilford,2026-06-03,CURRENT,295.6,O0000094
P0000166,C00032,008,Guilford,2026-06-16,CURRENT,322.86,O0000094
P0000167,C00032,008,Guilford,2026-07-28,CURRENT,567.22,O0000095
P0000168,C00032,008,Guilford,2026-08-12,CURRENT,358.5,O0000096
P0000169,C00032,008,Guilford,2026-08-07,CURRENT,261.17,O0000096
P0000170,C00033,001,Wake,2026-06-17,CURRENT,522.11,O0000097
P0000171,C00033,001,Wake,2026-06-13,ARREARS,150.0,
P0000172,C00033,001,Wake,2026-07-26,CURRENT,368.95,O0000098
P0000173,C00033,001,Wake,2026-07-17,CURRENT,133.16,O0000098
P0000174,C00033,001,Wake,2026-08-13,CURRENT,557.05,O0000099
P0000175,C00034,002,Durham,2026-06-24,CURRENT,128.64,O0000100
P0000176,C00034,002,Durham,2026-06-07,CURRENT,411.04,O0000100
P0000177,C00034,002,Durham,2026-06-09,ARREARS,100.0,
P0000178,C00034,002,Durham,2026-07-09,CURRENT,568.36,O0000101
P0000179,C00034,002,Durham,2026-07-09,ARREARS,125.0,
P0000180,C00034,002,Durham,2026-08-09,CURRENT,330.12,O0000102
P0000181,C00034,002,Durham,2026-08-26,CURRENT,220.24,O0000102
P0000182,C00034,002,Durham,2026-08-26,CURRENT,7.3,O0000102
P0000183,C00034,002,Durham,2026-08-19,ARREARS,125.0,
P0000184,C00035,003,Orange,2026-06-20,CURRENT,259.32,O0000103
P0000185,C00035,003,Orange,2026-07-07,CURRENT,107.87,O0000104
P0000186,C00035,003,Orange,2026-07-20,CURRENT,97.3,O0000104
P0000187,C00035,003,Orange,2026-07-02,CURRENT,49.38,O0000104
P0000188,C00035,003,Orange,2026-08-11,CURRENT,274.96,O0000105
P0000189,C00036,004,Johnston,2026-06-27,CURRENT,593.18,O0000106
P0000190,C00036,004,Johnston,2026-07-04,CURRENT,355.37,O0000107
P0000191,C00036,004,Johnston,2026-07-27,CURRENT,225.17,O0000107
P0000192,C00036,004,Johnston,2026-07-03,ARREARS,100.0,
P0000193,C00036,004,Johnston,2026-08-28,CURRENT,139.14,O0000108
P0000194,C00036,004,Johnston,2026-08-18,CURRENT,180.59,O0000108
P0000195,C00036,004,Johnston,2026-08-06,CURRENT,289.4,O0000108
P0000196,C00037,005,Chatham,2026-06-12,CURRENT,343.24,O0000109
P0000197,C00037,005,Chatham,2026-07-22,CURRENT,245.99,O0000110
P0000198,C00037,005,Chatham,2026-07-09,CURRENT,142.55,O0000110
P0000199,C00037,005,Chatham,2026-08-16,CURRENT,396.1,O0000111
P0000200,C00038,006,Alamance,2026-06-28,CURRENT,418.69,O0000112
P0000201,C00038,006,Alamance,2026-07-28,CURRENT,280.03,O0000113
P0000202,C00038,006,Alamance,2026-07-26,CURRENT,151.93,O0000113
P0000203,C00038,006,Alamance,2026-08-12,CURRENT,357.16,O0000114
P0000204,C00038,006,Alamance,2026-08-25,CURRENT,72.66,O0000114
P0000205,C00039,007,Cumberland,2026-06-03,CURRENT,460.73,O0000115
P0000206,C00039,007,Cumberland,2026-06-01,ARREARS,50.0,
P0000207,C00039,007,Cumberland,2026-07-23,CURRENT,31.76,O0000116
P0000208,C00039,007,Cumberland,2026-07-22,CURRENT,5.29,O0000116
P0000209,C00039,007,Cumberland,2026-07-09,CURRENT,405.8,O0000116
P0000210,C00039,007,Cumberland,2026-08-23,CURRENT,504.47,O0000117
P0000211,C00039,007,Cumberland,2026-08-11,ARREARS,75.0,
P0000212,C00040,008,Guilford,2026-06-21,CURRENT,99.63,O0000118
P0000213,C00040,008,Guilford,2026-06-20,CURRENT,238.67,O0000118
P0000214,C00040,008,Guilford,2026-06-20,CURRENT,258.42,O0000118
P0000215,C00040,008,Guilford,2026-07-03,CURRENT,192.64,O0000119
P0000216,C00040,008,Guilford,2026-07-13,CURRENT,366.01,O0000119
P0000217,C00040,008,Guilford,2026-08-05,CURRENT,490.1,O0000120
P0000218,C00040,008,Guilford,2026-08-24,CURRENT,122.47,O0000120
P0000219,C00041,001,Wake,2026-06-24,CURRENT,429.87,O0000121
P0000220,C00041,001,Wake,2026-07-26,CURRENT,53.33,O0000122
P0000221,C00041,001,Wake,2026-07-23,CURRENT,403.18,O0000122
P0000222,C00041,001,Wake,2026-08-05,CURRENT,142.95,O0000123
P0000223,C00041,001,Wake,2026-08-03,CURRENT,316.33,O0000123
P0000224,C00041,001,Wake,2026-08-21,CURRENT,40.32,O0000123
P0000225,C00042,002,Durham,2026-06-18,CURRENT,491.39,O0000124
P0000226,C00042,002,Durham,2026-06-21,CURRENT,62.83,O0000124
P0000227,C00042,002,Durham,2026-07-26,CURRENT,569.82,O0000125
P0000228,C00042,002,Durham,2026-08-04,CURRENT,398.3,O0000126
P0000229,C00042,002,Durham,2026-08-03,CURRENT,120.83,O0000126
P0000230,C00042,002,Durham,2026-08-25,CURRENT,107.21,O0000126
P0000231,C00043,003,Orange,2026-06-28,CURRENT,81.05,O0000127
P0000232,C00043,003,Orange,2026-06-23,CURRENT,139.76,O0000127
P0000233,C00043,003,Orange,2026-06-16,CURRENT,110.06,O0000127
P0000234,C00043,003,Orange,2026-07-06,CURRENT,342.98,O0000128
P0000235,C00043,003,Orange,2026-07-06,ARREARS,125.0,
P0000236,C00043,003,Orange,2026-08-25,CURRENT,322.97,O0000129
P0000237,C00044,004,Johnston,2026-06-01,CURRENT,238.69,O0000130
P0000238,C00044,004,Johnston,2026-06-22,CURRENT,232.59,O0000130
P0000239,C00044,004,Johnston,2026-07-10,CURRENT,67.03,O0000131
P0000240,C00044,004,Johnston,2026-07-16,CURRENT,326.18,O0000131
P0000241,C00044,004,Johnston,2026-07-23,CURRENT,7.83,O0000131
P0000242,C00044,004,Johnston,2026-07-01,ARREARS,75.0,
P0000243,C00044,004,Johnston,2026-08-09,CURRENT,381.35,O0000132
P0000244,C00044,004,Johnston,2026-08-09,CURRENT,93.8,O0000132
P0000245,C00045,005,Chatham,2026-06-13,CURRENT,367.93,O0000133
P0000246,C00045,005,Chatham,2026-07-10,CURRENT,7.37,O0000134
P0000247,C00045,005,Chatham,2026-07-23,CURRENT,227.06,O0000134
P0000248,C00045,005,Chatham,2026-07-09,CURRENT,93.66,O0000134
P0000249,C00045,005,Chatham,2026-08-15,CURRENT,304.02,O0000135
P0000250,C00045,005,Chatham,2026-08-04,CURRENT,21.4,O0000135
P0000251,C00046,006,Alamance,2026-06-18,CURRENT,357.14,O0000136
P0000252,C00046,006,Alamance,2026-07-04,CURRENT,43.75,O0000137
P0000253,C00046,006,Alamance,2026-07-07,CURRENT,304.65,O0000137
P0000254,C00046,006,Alamance,2026-08-04,CURRENT,53.87,O0000138
P0000255,C00046,006,Alamance,2026-08-26,CURRENT,284.74,O0000138
P0000256,C00047,007,Cumberland,2026-06-14,CURRENT,637.0,O0000139
P0000257,C00047,007,Cumberland,2026-07-20,CURRENT,355.96,O0000140
P0000258,C00047,007,Cumberland,2026-07-26,CURRENT,172.13,O0000140
P0000259,C00047,007,Cumberland,2026-08-11,CURRENT,493.12,O0000141
P0000260,C00047,007,Cumberland,2026-08-02,CURRENT,47.01,O0000141
P0000261,C00047,007,Cumberland,2026-08-11,CURRENT,69.86,O0000141
P0000262,C00048,008,Guilford,2026-06-23,CURRENT,1.02,O0000142
P0000263,C00048,008,Guilford,2026-06-07,CURRENT,593.81,O0000142
P0000264,C00048,008,Guilford,2026-07-19,CURRENT,563.18,O0000143
P0000265,C00048,008,Guilford,2026-08-25,CURRENT,333.0,O0000144
P0000266,C00048,008,Guilford,2026-08-18,CURRENT,261.85,O0000144
P0000267,C00049,001,Wake,2026-06-21,CURRENT,340.95,O0000145
P0000268,C00049,001,Wake,2026-06-26,CURRENT,161.23,O0000145
P0000269,C00049,001,Wake,2026-06-16,CURRENT,7.91,O0000145
P0000270,C00049,001,Wake,2026-07-24,CURRENT,469.02,O0000146
P0000271,C00049,001,Wake,2026-08-24,CURRENT,228.1,O0000147
P0000272,C00049,001,Wake,2026-08-06,CURRENT,227.19,O0000147
P0000273,C00050,002,Durham,2026-06-27,CURRENT,537.9,O0000148
P0000274,C00050,002,Durham,2026-06-24,CURRENT,124.82,O0000148
P0000275,C00050,002,Durham,2026-07-07,CURRENT,62.45,O0000149
P0000276,C00050,002,Durham,2026-07-15,CURRENT,134.48,O0000149
P0000277,C00050,002,Durham,2026-07-08,CURRENT,405.94,O0000149
P0000278,C00050,002,Durham,2026-08-07,CURRENT,654.79,O0000150
P0000279,C00051,003,Orange,2026-06-13,CURRENT,475.0,O0000151
P0000280,C00051,003,Orange,2026-06-03,CURRENT,57.87,O0000151
P0000281,C00051,003,Orange,2026-07-13,CURRENT,479.45,O0000152
P0000282,C00051,003,Orange,2026-07-28,CURRENT,100.72,O0000152
P0000283,C00051,003,Orange,2026-08-09,CURRENT,133.41,O0000153
P0000284,C00051,003,Orange,2026-08-10,CURRENT,297.66,O0000153
P0000285,C00051,003,Orange,2026-08-20,CURRENT,112.81,O0000153
P0000286,C00051,003,Orange,2026-08-04,ARREARS,150.0,
P0000287,C00052,004,Johnston,2026-06-19,CURRENT,410.04,O0000154
P0000288,C00052,004,Johnston,2026-07-06,CURRENT,453.11,O0000155
P0000289,C00052,004,Johnston,2026-08-27,CURRENT,311.2,O0000156
P0000290,C00052,004,Johnston,2026-08-27,CURRENT,123.98,O0000156
P0000291,C00052,004,Johnston,2026-08-16,CURRENT,1.47,O0000156
P0000292,C00052,004,Johnston,2026-08-19,ARREARS,75.0,
P0000293,C00053,005,Chatham,2026-06-02,CURRENT,483.93,O0000157
P0000294,C00053,005,Chatham,2026-07-18,CURRENT,452.44,O0000158
P0000295,C00053,005,Chatham,2026-07-17,ARREARS,150.0,
P0000296,C00053,005,Chatham,2026-08-15,CURRENT,69.05,O0000159
P0000297,C00053,005,Chatham,2026-08-15,CURRENT,347.25,O0000159
P0000298,C00053,005,Chatham,2026-08-02,CURRENT,66.07,O0000159
P0000299,C00054,006,Alamance,2026-06-13,CURRENT,608.31,O0000160
P0000300,C00054,006,Alamance,2026-07-28,CURRENT,173.08,O0000161
P0000301,C00054,006,Alamance,2026-07-11,CURRENT,443.75,O0000161
P0000302,C00054,006,Alamance,2026-08-05,CURRENT,149.33,O0000162
P0000303,C00054,006,Alamance,2026-08-07,CURRENT,140.59,O0000162
P0000304,C00054,006,Alamance,2026-08-19,CURRENT,267.49,O0000162
P0000305,C00055,007,Cumberland,2026-06-14,CURRENT,413.66,O0000163
P0000306,C00055,007,Cumberland,2026-07-03,CURRENT,392.42,O0000164
P0000307,C00055,007,Cumberland,2026-08-01,CURRENT,109.66,O0000165
P0000308,C00055,007,Cumberland,2026-08-08,CURRENT,129.3,O0000165
P0000309,C00055,007,Cumberland,2026-08-07,CURRENT,160.29,O0000165
P0000310,C00055,007,Cumberland,2026-08-07,ARREARS,125.0,
P0000311,C00056,008,Guilford,2026-06-17,CURRENT,219.59,O0000166
P0000312,C00056,008,Guilford,2026-06-24,CURRENT,42.54,O0000166
P0000313,C00056,008,Guilford,2026-06-24,CURRENT,226.05,O0000166
P0000314,C00056,008,Guilford,2026-07-17,CURRENT,380.48,O0000167
P0000315,C00056,008,Guilford,2026-07-25,CURRENT,185.25,O0000167
P0000316,C00056,008,Guilford,2026-08-12,CURRENT,581.69,O0000168
P0000317,C00057,001,Wake,2026-06-03,CURRENT,96.27,O0000169
P0000318,C00057,001,Wake,2026-06-01,CURRENT,37.96,O0000169
P0000319,C00057,001,Wake,2026-06-08,CURRENT,178.46,O0000169
P0000320,C00057,001,Wake,2026-07-08,CURRENT,160.76,O0000170
P0000321,C00057,001,Wake,2026-07-26,CURRENT,123.51,O0000170
P0000322,C00057,001,Wake,2026-08-16,CURRENT,324.49,O0000171
P0000323,C00058,002,Durham,2026-06-28,CURRENT,314.59,O0000172
P0000324,C00058,002,Durham,2026-06-22,CURRENT,40.5,O0000172
P0000325,C00058,002,Durham,2026-07-12,CURRENT,306.67,O0000173
P0000326,C00058,002,Durham,2026-08-03,CURRENT,127.07,O0000174
P0000327,C00058,002,Durham,2026-08-13,CURRENT,78.37,O0000174
P0000328,C00058,002,Durham,2026-08-19,CURRENT,148.25,O0000174
P0000329,C00059,003,Orange,2026-06-05,CURRENT,319.6,O0000175
P0000330,C00059,003,Orange,2026-07-07,CURRENT,27.11,O0000176
P0000331,C00059,003,Orange,2026-07-03,CURRENT,179.94,O0000176
P0000332,C00059,003,Orange,2026-07-01,CURRENT,105.1,O0000176
P0000333,C00059,003,Orange,2026-08-07,CURRENT,324.83,O0000177
P0000334,C00060,004,Johnston,2026-06-22,CURRENT,300.89,O0000178
P0000335,C00060,004,Johnston,2026-06-01,CURRENT,188.38,O0000178
P0000336,C00060,004,Johnston,2026-07-17,CURRENT,471.11,O0000179
P0000337,C00060,004,Johnston,2026-08-03,CURRENT,125.5,O0000180
P0000338,C00060,004,Johnston,2026-08-15,CURRENT,253.79,O0000180
P0000339,C00060,004,Johnston,2026-08-16,CURRENT,135.75,O0000180
P0000340,C00061,005,Chatham,2026-06-07,CURRENT,393.06,O0000181
P0000341,C00061,005,Chatham,2026-07-01,CURRENT,151.53,O0000182
P0000342,C00061,005,Chatham,2026-07-26,CURRENT,189.58,O0000182
P0000343,C00061,005,Chatham,2026-08-21,CURRENT,398.76,O0000183
P0000344,C00062,006,Alamance,2026-06-28,CURRENT,567.38,O0000184
P0000345,C00062,006,Alamance,2026-07-27,CURRENT,614.48,O0000185
P0000346,C00062,006,Alamance,2026-08-14,CURRENT,289.07,O0000186
P0000347,C00062,006,Alamance,2026-08-12,CURRENT,232.35,O0000186
P0000348,C00062,006,Alamance,2026-08-08,CURRENT,36.47,O0000186
P0000349,C00062,006,Alamance,2026-08-08,ARREARS,75.0,
P0000350,C00063,007,Cumberland,2026-06-05,CURRENT,337.45,O0000187
P0000351,C00063,007,Cumberland,2026-07-27,CURRENT,322.36,O0000188
P0000352,C00063,007,Cumberland,2026-08-12,CURRENT,297.77,O0000189
P0000353,C00064,008,Guilford,2026-06-15,CURRENT,6.62,O0000190
P0000354,C00064,008,Guilford,2026-06-03,CURRENT,35.86,O0000190
P0000355,C00064,008,Guilford,2026-06-06,CURRENT,304.69,O0000190
P0000356,C00064,008,Guilford,2026-07-14,CURRENT,352.56,O0000191
P0000357,C00064,008,Guilford,2026-08-22,CURRENT,220.51,O0000192
P0000358,C00064,008,Guilford,2026-08-17,CURRENT,131.22,O0000192
P0000359,C00064,008,Guilford,2026-08-10,ARREARS,50.0,
P0000360,C00065,001,Wake,2026-06-19,CURRENT,153.26,O0000193
P0000361,C00065,001,Wake,2026-06-23,CURRENT,74.95,O0000193
P0000362,C00065,001,Wake,2026-06-28,CURRENT,131.46,O0000193
P0000363,C00065,001,Wake,2026-06-02,ARREARS,125.0,
P0000364,C00065,001,Wake,2026-07-25,CURRENT,335.88,O0000194
P0000365,C00065,001,Wake,2026-08-26,CURRENT,333.21,O0000195
P0000366,C00065,001,Wake,2026-08-17,ARREARS,125.0,
P0000367,C00066,002,Durham,2026-06-11,CURRENT,544.35,O0000196
P0000368,C00066,002,Durham,2026-06-03,CURRENT,58.62,O0000196
P0000369,C00066,002,Durham,2026-07-27,CURRENT,622.34,O0000197
P0000370,C00066,002,Durham,2026-08-25,CURRENT,623.37,O0000198
P0000371,C00067,003,Orange,2026-06-01,CURRENT,341.77,O0000199
P0000372,C00067,003,Orange,2026-07-05,CURRENT,130.54,O0000200
P0000373,C00067,003,Orange,2026-07-28,CURRENT,198.85,O0000200
P0000374,C00067,003,Orange,2026-08-28,CURRENT,223.87,O0000201
P0000375,C00067,003,Orange,2026-08-13,CURRENT,77.88,O0000201
P0000376,C00068,004,Johnston,2026-06-20,CURRENT,657.45,O0000202
P0000377,C00068,004,Johnston,2026-07-09,CURRENT,235.0,O0000203
P0000378,C00068,004,Johnston,2026-07-11,CURRENT,413.99,O0000203
P0000379,C00068,004,Johnston,2026-07-18,ARREARS,150.0,
P0000380,C00068,004,Johnston,2026-08-24,CURRENT,148.85,O0000204
P0000381,C00068,004,Johnston,2026-08-17,CURRENT,37.99,O0000204
P0000382,C00068,004,Johnston,2026-08-10,CURRENT,415.61,O0000204
P0000383,C00069,005,Chatham,2026-06-03,CURRENT,556.27,O0000205
P0000384,C00069,005,Chatham,2026-07-03,CURRENT,153.24,O0000206
P0000385,C00069,005,Chatham,2026-07-13,CURRENT,467.75,O0000206
P0000386,C00069,005,Chatham,2026-08-15,CURRENT,575.48,O0000207
P0000387,C00070,006,Alamance,2026-06-24,CURRENT,149.8,O0000208
P0000388,C00070,006,Alamance,2026-06-21,CURRENT,388.37,O0000208
P0000389,C00070,006,Alamance,2026-07-13,CURRENT,564.62,O0000209
P0000390,C00070,006,Alamance,2026-08-03,CURRENT,547.93,O0000210
P0000391,C00070,006,Alamance,2026-08-17,ARREARS,100.0,
P0000392,C00071,007,Cumberland,2026-06-16,CURRENT,371.86,O0000211
P0000393,C00071,007,Cumberland,2026-07-07,CURRENT,182.36,O0000212
P0000394,C00071,007,Cumberland,2026-07-04,CURRENT,91.92,O0000212
P0000395,C00071,007,Cumberland,2026-07-23,CURRENT,78.67,O0000212
P0000396,C00071,007,Cumberland,2026-08-13,CURRENT,87.02,O0000213
P0000397,C00071,007,Cumberland,2026-08-25,CURRENT,283.65,O0000213
P0000398,C00072,008,Guilford,2026-06-23,CURRENT,114.29,O0000214
P0000399,C00072,008,Guilford,2026-06-03,CURRENT,357.41,O0000214
P0000400,C00072,008,Guilford,2026-06-25,CURRENT,18.69,O0000214
P0000401,C00072,008,Guilford,2026-06-12,ARREARS,100.0,
P0000402,C00072,008,Guilford,2026-07-10,CURRENT,78.76,O0000215
P0000403,C00072,008,Guilford,2026-07-11,CURRENT,76.49,O0000215
P0000404,C00072,008,Guilford,2026-07-09,CURRENT,373.61,O0000215
P0000405,C00072,008,Guilford,2026-08-05,CURRENT,111.54,O0000216
P0000406,C00072,008,Guilford,2026-08-23,CURRENT,454.57,O0000216
P0000407,C00073,001,Wake,2026-06-18,CURRENT,37.9,O0000217
P0000408,C00073,001,Wake,2026-06-05,CURRENT,331.33,O0000217
P0000409,C00073,001,Wake,2026-06-13,CURRENT,130.1,O0000217
P0000410,C00073,001,Wake,2026-07-26,CURRENT,429.45,O0000218
P0000411,C00073,001,Wake,2026-07-16,ARREARS,75.0,
P0000412,C00073,001,Wake,2026-08-06,CURRENT,69.63,O0000219
P0000413,C00073,001,Wake,2026-08-28,CURRENT,353.33,O0000219
P0000414,C00073,001,Wake,2026-08-17,CURRENT,3.68,O0000219
P0000415,C00074,002,Durham,2026-06-25,CURRENT,362.97,O0000220
P0000416,C00074,002,Durham,2026-06-08,CURRENT,133.0,O0000220
P0000417,C00074,002,Durham,2026-07-04,CURRENT,200.15,O0000221
P0000418,C00074,002,Durham,2026-07-01,CURRENT,317.91,O0000221
P0000419,C00074,002,Durham,2026-07-17,ARREARS,100.0,
P0000420,C00074,002,Durham,2026-08-17,CURRENT,547.61,O0000222
P0000421,C00075,003,Orange,2026-06-19,CURRENT,153.79,O0000223
P0000422,C00075,003,Orange,2026-06-18,CURRENT,376.1,O0000223
P0000423,C00075,003,Orange,2026-07-02,CURRENT,584.48,O0000224
P0000424,C00075,003,Orange,2026-08-13,CURRENT,252.88,O0000225
P0000425,C00075,003,Orange,2026-08-22,CURRENT,317.01,O0000225
P0000426,C00076,004,Johnston,2026-06-05,CURRENT,304.69,O0000226
P0000427,C00076,004,Johnston,2026-06-05,CURRENT,215.74,O0000226
P0000428,C00076,004,Johnston,2026-07-24,CURRENT,307.13,O0000227
P0000429,C00076,004,Johnston,2026-07-28,CURRENT,192.77,O0000227
P0000430,C00076,004,Johnston,2026-08-06,CURRENT,152.09,O0000228
P0000431,C00076,004,Johnston,2026-08-12,CURRENT,21.03,O0000228
P0000432,C00076,004,Johnston,2026-08-19,CURRENT,278.59,O0000228
P0000433,C00077,005,Chatham,2026-06-13,CURRENT,327.3,O0000229
P0000434,C00077,005,Chatham,2026-07-28,CURRENT,13.17,O0000230
P0000435,C00077,005,Chatham,2026-07-09,CURRENT,276.3,O0000230
P0000436,C00077,005,Chatham,2026-08-03,CURRENT,335.29,O0000231
P0000437,C00078,006,Alamance,2026-06-08,CURRENT,588.62,O0000232
P0000438,C00078,006,Alamance,2026-07-27,CURRENT,544.51,O0000233
P0000439,C00078,006,Alamance,2026-07-18,CURRENT,16.33,O0000233
P0000440,C00078,006,Alamance,2026-08-18,CURRENT,560.63,O0000234
P0000441,C00079,007,Cumberland,2026-06-13,CURRENT,40.06,O0000235
P0000442,C00079,007,Cumberland,2026-06-16,CURRENT,511.73,O0000235
P0000443,C00079,007,Cumberland,2026-06-21,ARREARS,75.0,
P0000444,C00079,007,Cumberland,2026-07-19,CURRENT,538.5,O0000236
P0000445,C00079,007,Cumberland,2026-08-11,CURRENT,490.14,O0000237
P0000446,C00080,008,Guilford,2026-06-10,CURRENT,199.92,O0000238
P0000447,C00080,008,Guilford,2026-06-12,CURRENT,160.4,O0000238
P0000448,C00080,008,Guilford,2026-06-25,CURRENT,1.1,O0000238
P0000449,C00080,008,Guilford,2026-07-27,CURRENT,349.89,O0000239
P0000450,C00080,008,Guilford,2026-08-27,CURRENT,288.21,O0000240
P0000451,C00080,008,Guilford,2026-08-10,CURRENT,90.82,O0000240
P0000452,C00080,008,Guilford,2026-08-18,ARREARS,50.0,
P0000453,C00081,001,Wake,2026-06-07,CURRENT,591.8,O0000241
P0000454,C00081,001,Wake,2026-06-08,ARREARS,125.0,
P0000455,C00081,001,Wake,2026-07-07,CURRENT,515.96,O0000242
P0000456,C00081,001,Wake,2026-07-10,CURRENT,74.41,O0000242
P0000457,C00081,001,Wake,2026-07-11,CURRENT,55.24,O0000242
P0000458,C00081,001,Wake,2026-08-10,CURRENT,600.53,O0000243
P0000459,C00082,002,Durham,2026-06-01,CURRENT,519.89,O0000244
P0000460,C00082,002,Durham,2026-06-03,ARREARS,150.0,
P0000461,C00082,002,Durham,2026-07-22,CURRENT,510.45,O0000245
P0000462,C00082,002,Durham,2026-08-16,CURRENT,511.41,O0000246
P0000463,C00083,003,Orange,2026-06-09,CURRENT,421.65,O0000247
P0000464,C00083,003,Orange,2026-07-18,CURRENT,307.05,O0000248
P0000465,C00083,003,Orange,2026-07-15,CURRENT,79.66,O0000248
P0000466,C00083,003,Orange,2026-08-25,CURRENT,260.52,O0000249
P0000467,C00083,003,Orange,2026-08-16,CURRENT,163.22,O0000249
P0000468,C00084,004,Johnston,2026-06-27,CURRENT,94.96,O0000250
P0000469,C00084,004,Johnston,2026-06-26,CURRENT,125.73,O0000250
P0000470,C00084,004,Johnston,2026-06-04,CURRENT,268.4,O0000250
P0000471,C00084,004,Johnston,2026-07-19,CURRENT,294.66,O0000251
P0000472,C00084,004,Johnston,2026-07-08,CURRENT,221.76,O0000251
P0000473,C00084,004,Johnston,2026-08-03,CURRENT,495.86,O0000252
P0000474,C00084,004,Johnston,2026-08-07,ARREARS,125.0,
P0000475,C00085,005,Chatham,2026-06-18,CURRENT,534.27,O0000253
P0000476,C00085,005,Chatham,2026-06-25,ARREARS,75.0,
P0000477,C00085,005,Chatham,2026-07-26,CURRENT,250.79,O0000254
P0000478,C00085,005,Chatham,2026-07-04,CURRENT,5.06,O0000254
P0000479,C00085,005,Chatham,2026-07-14,CURRENT,188.52,O0000254
P0000480,C00085,005,Chatham,2026-07-03,ARREARS,125.0,
P0000481,C00085,005,Chatham,2026-08-02,CURRENT,426.3,O0000255
P0000482,C00085,005,Chatham,2026-08-02,CURRENT,100.07,O0000255
P0000483,C00085,005,Chatham,2026-08-13,ARREARS,150.0,
P0000484,C00086,006,Alamance,2026-06-17,CURRENT,351.13,O0000256
P0000485,C00086,006,Alamance,2026-07-07,CURRENT,196.94,O0000257
P0000486,C00086,006,Alamance,2026-07-26,CURRENT,99.57,O0000257
P0000487,C00086,006,Alamance,2026-08-24,CURRENT,315.55,O0000258
P0000488,C00087,007,Cumberland,2026-06-14,CURRENT,276.95,O0000259
P0000489,C00087,007,Cumberland,2026-06-05,ARREARS,75.0,
P0000490,C00087,007,Cumberland,2026-07-21,CURRENT,80.12,O0000260
P0000491,C00087,007,Cumberland,2026-07-23,CURRENT,30.96,O0000260
P0000492,C00087,007,Cumberland,2026-07-02,CURRENT,147.37,O0000260
P0000493,C00087,007,Cumberland,2026-07-18,ARREARS,50.0,
P0000494,C00087,007,Cumberland,2026-08-01,CURRENT,271.17,O0000261
P0000495,C00088,008,Guilford,2026-06-14,CURRENT,157.33,O0000262
P0000496,C00088,008,Guilford,2026-06-13,CURRENT,380.62,O0000262
P0000497,C00088,008,Guilford,2026-06-11,ARREARS,125.0,
P0000498,C00088,008,Guilford,2026-07-23,CURRENT,388.62,O0000263
P0000499,C00088,008,Guilford,2026-07-09,CURRENT,104.44,O0000263
P0000500,C00088,008,Guilford,2026-08-25,CURRENT,239.04,O0000264
P0000501,C00088,008,Guilford,2026-08-19,CURRENT,135.73,O0000264
P0000502,C00088,008,Guilford,2026-08-21,CURRENT,172.06,O0000264
P0000503,C00089,001,Wake,2026-06-03,CURRENT,55.97,O0000265
P0000504,C00089,001,Wake,2026-06-25,CURRENT,538.22,O0000265
P0000505,C00089,001,Wake,2026-07-01,CURRENT,617.21,O0000266
P0000506,C00089,001,Wake,2026-07-25,ARREARS,100.0,
P0000507,C00089,001,Wake,2026-08-25,CURRENT,611.81,O0000267
P0000508,C00089,001,Wake,2026-08-24,ARREARS,125.0,
P0000509,C00090,002,Durham,2026-06-03,CURRENT,103.07,O0000268
P0000510,C00090,002,Durham,2026-06-23,CURRENT,192.91,O0000268
P0000511,C00090,002,Durham,2026-06-18,CURRENT,60.35,O0000268
P0000512,C00090,002,Durham,2026-07-01,CURRENT,132.99,O0000269
P0000513,C00090,002,Durham,2026-07-01,CURRENT,201.82,O0000269
P0000514,C00090,002,Durham,2026-08-17,CURRENT,376.11,O0000270
P0000515,C00091,003,Orange,2026-06-11,CURRENT,168.84,O0000271
P0000516,C00091,003,Orange,2026-06-15,CURRENT,337.82,O0000271
P0000517,C00091,003,Orange,2026-07-02,CURRENT,435.57,O0000272
P0000518,C00091,003,Orange,2026-07-24,CURRENT,48.9,O0000272
P0000519,C00091,003,Orange,2026-08-16,CURRENT,66.46,O0000273
P0000520,C00091,003,Orange,2026-08-05,CURRENT,255.02,O0000273
P0000521,C00091,003,Orange,2026-08-07,CURRENT,178.68,O0000273
P0000522,C00091,003,Orange,2026-08-20,ARREARS,50.0,
P0000523,C00092,004,Johnston,2026-06-13,CURRENT,441.64,O0000274
P0000524,C00092,004,Johnston,2026-06-12,ARREARS,75.0,
P0000525,C00092,004,Johnston,2026-07-12,CURRENT,510.4,O0000275
P0000526,C00092,004,Johnston,2026-07-07,ARREARS,125.0,
P0000527,C00092,004,Johnston,2026-08-19,CURRENT,527.06,O0000276
P0000528,C00092,004,Johnston,2026-08-04,ARREARS,150.0,
P0000529,C00093,005,Chatham,2026-06-08,CURRENT,158.42,O0000277
P0000530,C00093,005,Chatham,2026-06-06,CURRENT,282.28,O0000277
P0000531,C00093,005,Chatham,2026-07-01,CURRENT,410.64,O0000278
P0000532,C00093,005,Chatham,2026-07-13,CURRENT,62.55,O0000278
P0000533,C00093,005,Chatham,2026-08-10,CURRENT,387.85,O0000279
P0000534,C00093,005,Chatham,2026-08-08,CURRENT,40.13,O0000279
P0000535,C00094,006,Alamance,2026-06-08,CURRENT,84.4,O0000280
P0000536,C00094,006,Alamance,2026-06-08,CURRENT,9.59,O0000280
P0000537,C00094,006,Alamance,2026-06-13,CURRENT,382.8,O0000280
P0000538,C00094,006,Alamance,2026-06-18,ARREARS,75.0,
P0000539,C00094,006,Alamance,2026-07-02,CURRENT,341.84,O0000281
P0000540,C00094,006,Alamance,2026-07-19,CURRENT,65.05,O0000281
P0000541,C00094,006,Alamance,2026-08-04,CURRENT,17.05,O0000282
P0000542,C00094,006,Alamance,2026-08-24,CURRENT,453.09,O0000282
P0000543,C00095,007,Cumberland,2026-06-01,CURRENT,126.98,O0000283
P0000544,C00095,007,Cumberland,2026-06-28,CURRENT,331.62,O0000283
P0000545,C00095,007,Cumberland,2026-07-01,CURRENT,49.98,O0000284
P0000546,C00095,007,Cumberland,2026-07-06,CURRENT,211.57,O0000284
P0000547,C00095,007,Cumberland,2026-07-19,CURRENT,123.71,O0000284
P0000548,C00095,007,Cumberland,2026-08-27,CURRENT,12.62,O0000285
P0000549,C00095,007,Cumberland,2026-08-06,CURRENT,156.36,O0000285
P0000550,C00095,007,Cumberland,2026-08-25,CURRENT,288.81,O0000285
P0000551,C00096,008,Guilford,2026-06-03,CURRENT,624.55,O0000286
P0000552,C00096,008,Guilford,2026-07-19,CURRENT,93.03,O0000287
P0000553,C00096,008,Guilford,2026-07-27,CURRENT,542.19,O0000287
P0000554,C00096,008,Guilford,2026-07-25,CURRENT,7.37,O0000287
P0000555,C00096,008,Guilford,2026-08-17,CURRENT,598.74,O0000288
P0000556,C00096,008,Guilford,2026-08-26,CURRENT,52.87,O0000288
P0000557,C00096,008,Guilford,2026-08-04,ARREARS,150.0,
P0000558,C00097,001,Wake,2026-06-20,CURRENT,455.74,O0000289
P0000559,C00097,001,Wake,2026-07-28,CURRENT,213.43,O0000290
P0000560,C00097,001,Wake,2026-07-20,CURRENT,255.9,O0000290
P0000561,C00097,001,Wake,2026-08-13,CURRENT,470.13,O0000291
P0000562,C00098,002,Durham,2026-06-09,CURRENT,545.0,O0000292
P0000563,C00098,002,Durham,2026-06-25,ARREARS,75.0,
P0000564,C00098,002,Durham,2026-07-22,CURRENT,207.23,O0000293
P0000565,C00098,002,Durham,2026-07-26,CURRENT,134.6,O0000293
P0000566,C00098,002,Durham,2026-07-06,CURRENT,225.66,O0000293
P0000567,C00098,002,Durham,2026-08-14,CURRENT,484.14,O0000294
P0000568,C00099,003,Orange,2026-06-13,CURRENT,191.0,O0000295
P0000569,C00099,003,Orange,2026-06-09,CURRENT,196.32,O0000295
P0000570,C00099,003,Orange,2026-07-01,CURRENT,179.4,O0000296
P0000571,C00099,003,Orange,2026-07-12,CURRENT,195.62,O0000296
P0000572,C00099,003,Orange,2026-07-08,CURRENT,8.98,O0000296
P0000573,C00099,003,Orange,2026-08-07,CURRENT,405.57,O0000297
P0000574,C00100,004,Johnston,2026-06-14,CURRENT,190.56,O0000298
P0000575,C00100,004,Johnston,2026-06-20,CURRENT,377.24,O0000298
P0000576,C00100,004,Johnston,2026-07-21,CURRENT,79.12,O0000299
P0000577,C00100,004,Johnston,2026-07-27,CURRENT,448.12,O0000299
P0000578,C00100,004,Johnston,2026-08-17,CURRENT,389.51,O0000300
P0000579,C00100,004,Johnston,2026-08-08,CURRENT,142.02,O0000300
P0000580,C00101,005,Chatham,2026-06-08,CURRENT,451.82,O0000301
P0000581,C00101,005,Chatham,2026-06-24,ARREARS,100.0,
P0000582,C00101,005,Chatham,2026-07-10,CURRENT,31.35,O0000302
P0000583,C00101,005,Chatham,2026-07-16,CURRENT,39.75,O0000302
P0000584,C00101,005,Chatham,2026-07-07,CURRENT,392.62,O0000302
P0000585,C00101,005,Chatham,2026-08-16,CURRENT,446.69,O0000303
P0000586,C00102,006,Alamance,2026-06-02,CURRENT,103.66,O0000304
P0000587,C00102,006,Alamance,2026-06-15,CURRENT,447.02,O0000304
P0000588,C00102,006,Alamance,2026-07-20,CURRENT,618.72,O0000305
P0000589,C00102,006,Alamance,2026-08-13,CURRENT,536.67,O0000306
P0000590,C00102,006,Alamance,2026-08-15,CURRENT,62.48,O0000306
P0000591,C00103,007,Cumberland,2026-06-27,CURRENT,4.56,O0000307
P0000592,C00103,007,Cumberland,2026-06-05,CURRENT,68.49,O0000307
P0000593,C00103,007,Cumberland,2026-06-21,CURRENT,374.1,O0000307
P0000594,C00103,007,Cumberland,2026-06-12,ARREARS,100.0,
P0000595,C00103,007,Cumberland,2026-07-20,CURRENT,292.09,O0000308
P0000596,C00103,007,Cumberland,2026-07-09,CURRENT,210.36,O0000308
P0000597,C00103,007,Cumberland,2026-08-01,CURRENT,309.23,O0000309
P0000598,C00103,007,Cumberland,2026-08-23,CURRENT,170.75,O0000309
P0000599,C00103,007,Cumberland,2026-08-19,CURRENT,2.63,O0000309
P0000600,C00104,008,Guilford,2026-06-05,CURRENT,576.62,O0000310
P0000601,C00104,008,Guilford,2026-07-20,CURRENT,523.18,O0000311
P0000602,C00104,008,Guilford,2026-08-08,CURRENT,578.26,O0000312
P0000603,C00105,001,Wake,2026-06-12,CURRENT,72.62,O0000313
P0000604,C00105,001,Wake,2026-06-13,CURRENT,201.19,O0000313
P0000605,C00105,001,Wake,2026-06-21,ARREARS,75.0,
P0000606,C00105,001,Wake,2026-07-25,CURRENT,281.9,O0000314
P0000607,C00105,001,Wake,2026-07-15,CURRENT,14.75,O0000314
P0000608,C00105,001,Wake,2026-07-26,ARREARS,75.0,
P0000609,C00105,001,Wake,2026-08-06,CURRENT,306.8,O0000315
P0000610,C00106,002,Durham,2026-06-20,CURRENT,411.41,O0000316
P0000611,C00106,002,Durham,2026-07-21,CURRENT,373.19,O0000317
P0000612,C00106,002,Durham,2026-07-24,CURRENT,11.67,O0000317
P0000613,C00106,002,Durham,2026-07-01,CURRENT,42.49,O0000317
P0000614,C00106,002,Durham,2026-08-08,CURRENT,372.08,O0000318
P0000615,C00107,003,Orange,2026-06-24,CURRENT,60.24,O0000319
P0000616,C00107,003,Orange,2026-06-28,CURRENT,246.14,O0000319
P0000617,C00107,003,Orange,2026-06-13,CURRENT,86.5,O0000319
P0000618,C00107,003,Orange,2026-07-06,CURRENT,430.08,O0000320
P0000619,C00107,003,Orange,2026-08-25,CURRENT,431.68,O0000321
P0000620,C00108,004,Johnston,2026-06-11,CURRENT,641.86,O0000322
P0000621,C00108,004,Johnston,2026-07-12,CURRENT,135.37,O0000323
P0000622,C00108,004,Johnston,2026-07-26,CURRENT,516.26,O0000323
P0000623,C00108,004,Johnston,2026-08-08,CURRENT,120.97,O0000324
P0000624,C00108,004,Johnston,2026-08-04,CURRENT,466.87,O0000324
P0000625,C00108,004,Johnston,2026-08-12,CURRENT,18.22,O0000324
P0000626,C00109,005,Chatham,2026-06-25,CURRENT,89.2,O0000325
P0000627,C00109,005,Chatham,2026-06-18,CURRENT,179.14,O0000325
P0000628,C00109,005,Chatham,2026-06-02,CURRENT,63.66,O0000325
P0000629,C00109,005,Chatham,2026-06-22,ARREARS,150.0,
P0000630,C00109,005,Chatham,2026-07-18,CURRENT,119.73,O0000326
P0000631,C00109,005,Chatham,2026-07-02,CURRENT,200.88,O0000326
P0000632,C00109,005,Chatham,2026-08-28,CURRENT,25.94,O0000327
P0000633,C00109,005,Chatham,2026-08-11,CURRENT,58.88,O0000327
P0000634,C00109,005,Chatham,2026-08-15,CURRENT,191.47,O0000327
P0000635,C00110,006,Alamance,2026-06-04,CURRENT,338.67,O0000328
P0000636,C00110,006,Alamance,2026-07-19,CURRENT,80.1,O0000329
P0000637,C00110,006,Alamance,2026-07-06,CURRENT,121.35,O0000329
P0000638,C00110,006,Alamance,2026-07-18,CURRENT,130.67,O0000329
P0000639,C00110,006,Alamance,2026-08-15,CURRENT,148.07,O0000330
P0000640,C00110,006,Alamance,2026-08-10,CURRENT,212.11,O0000330
P0000641,C00111,007,Cumberland,2026-06-27,CURRENT,176.45,O0000331
P0000642,C00111,007,Cumberland,2026-06-22,CURRENT,112.77,O0000331
P0000643,C00111,007,Cumberland,2026-07-16,CURRENT,36.21,O0000332
P0000644,C00111,007,Cumberland,2026-07-01,CURRENT,74.83,O0000332
P0000645,C00111,007,Cumberland,2026-07-28,CURRENT,190.57,O0000332
P0000646,C00111,007,Cumberland,2026-08-25,CURRENT,333.33,O0000333
P0000647,C00111,007,Cumberland,2026-08-13,ARREARS,100.0,
P0000648,C00112,008,Guilford,2026-06-27,CURRENT,332.01,O0000334
P0000649,C00112,008,Guilford,2026-07-09,CURRENT,316.36,O0000335
P0000650,C00112,008,Guilford,2026-08-05,CURRENT,232.29,O0000336
P0000651,C00112,008,Guilford,2026-08-22,CURRENT,99.12,O0000336
P0000652,C00113,001,Wake,2026-06-14,CURRENT,624.49,O0000337
P0000653,C00113,001,Wake,2026-07-20,CURRENT,142.76,O0000338
P0000654,C00113,001,Wake,2026-07-01,CURRENT,480.54,O0000338
P0000655,C00113,001,Wake,2026-08-07,CURRENT,536.23,O0000339
P0000656,C00113,001,Wake,2026-08-12,CURRENT,89.28,O0000339
P0000657,C00113,001,Wake,2026-08-17,CURRENT,23.46,O0000339
P0000658,C00114,002,Durham,2026-06-01,CURRENT,653.07,O0000340
P0000659,C00114,002,Durham,2026-07-25,CURRENT,642.54,O0000341
P0000660,C00114,002,Durham,2026-08-21,CURRENT,572.95,O0000342
P0000661,C00115,003,Orange,2026-06-06,CURRENT,51.44,O0000343
P0000662,C00115,003,Orange,2026-06-02,CURRENT,414.77,O0000343
P0000663,C00115,003,Orange,2026-07-26,CURRENT,341.91,O0000344
P0000664,C00115,003,Orange,2026-07-14,CURRENT,115.32,O0000344
P0000665,C00115,003,Orange,2026-07-10,ARREARS,100.0,
P0000666,C00115,003,Orange,2026-08-23,CURRENT,390.42,O0000345
P0000667,C00115,003,Orange,2026-08-08,CURRENT,29.84,O0000345
P0000668,C00116,004,Johnston,2026-06-21,CURRENT,312.15,O0000346
P0000669,C00116,004,Johnston,2026-06-23,CURRENT,402.9,O0000346
P0000670,C00116,004,Johnston,2026-07-24,CURRENT,619.37,O0000347
P0000671,C00116,004,Johnston,2026-08-11,CURRENT,581.45,O0000348
P0000672,C00116,004,Johnston,2026-08-13,CURRENT,93.74,O0000348
P0000673,C00117,005,Chatham,2026-06-25,CURRENT,404.43,O0000349
P0000674,C00117,005,Chatham,2026-07-09,CURRENT,437.36,O0000350
P0000675,C00117,005,Chatham,2026-07-18,CURRENT,5.39,O0000350
P0000676,C00117,005,Chatham,2026-08-07,CURRENT,383.26,O0000351
P0000677,C00118,006,Alamance,2026-06-20,CURRENT,141.74,O0000352
P0000678,C00118,006,Alamance,2026-06-17,CURRENT,27.03,O0000352
P0000679,C00118,006,Alamance,2026-06-13,CURRENT,437.52,O0000352
P0000680,C00118,006,Alamance,2026-07-19,CURRENT,658.09,O0000353
P0000681,C00118,006,Alamance,2026-08-24,CURRENT,634.73,O0000354
P0000682,C00119,007,Cumberland,2026-06-21,CURRENT,8.67,O0000355
P0000683,C00119,007,Cumberland,2026-06-21,CURRENT,407.18,O0000355
P0000684,C00119,007,Cumberland,2026-07-18,CURRENT,395.12,O0000356
P0000685,C00119,007,Cumberland,2026-08-10,CURRENT,385.07,O0000357
P0000686,C00120,008,Guilford,2026-06-08,CURRENT,275.8,O0000358
P0000687,C00120,008,Guilford,2026-06-01,CURRENT,32.04,O0000358
P0000688,C00120,008,Guilford,2026-06-16,CURRENT,20.2,O0000358
P0000689,C00120,008,Guilford,2026-07-17,CURRENT,330.26,O0000359
P0000690,C00120,008,Guilford,2026-07-05,ARREARS,50.0,
P0000691,C00120,008,Guilford,2026-08-27,CURRENT,117.43,O0000360
P0000692,C00120,008,Guilford,2026-08-02,CURRENT,206.79,O0000360
P0000693,C00121,001,Wake,2026-06-26,CURRENT,140.42,O0000361
P0000694,C00121,001,Wake,2026-06-02,CURRENT,60.71,O0000361
P0000695,C00121,001,Wake,2026-06-21,CURRENT,134.02,O0000361
P0000696,C00121,001,Wake,2026-07-16,CURRENT,326.72,O0000362
P0000697,C00121,001,Wake,2026-08-15,CURRENT,261.81,O0000363
P0000698,C00121,001,Wake,2026-08-06,CURRENT,101.27,O0000363
P0000699,C00121,001,Wake,2026-08-16,ARREARS,100.0,
P0000700,C00122,002,Durham,2026-06-21,CURRENT,492.03,O0000364
P0000701,C00122,002,Durham,2026-06-21,CURRENT,57.33,O0000364
P0000702,C00122,002,Durham,2026-07-06,CURRENT,492.46,O0000365
P0000703,C00122,002,Durham,2026-07-06,CURRENT,46.76,O0000365
P0000704,C00122,002,Durham,2026-08-16,CURRENT,570.42,O0000366
P0000705,C00122,002,Durham,2026-08-08,ARREARS,100.0,
P0000706,C00123,003,Orange,2026-06-24,CURRENT,487.82,O0000367
P0000707,C00123,003,Orange,2026-07-14,CURRENT,98.74,O0000368
P0000708,C00123,003,Orange,2026-07-05,CURRENT,359.39,O0000368
P0000709,C00123,003,Orange,2026-07-21,CURRENT,17.29,O0000368
P0000710,C00123,003,Orange,2026-08-11,CURRENT,211.49,O0000369
P0000711,C00123,003,Orange,2026-08-06,CURRENT,328.67,O0000369
P0000712,C00123,003,Orange,2026-08-13,ARREARS,125.0,
P0000713,C00124,004,Johnston,2026-06-20,CURRENT,421.96,O0000370
P0000714,C00124,004,Johnston,2026-07-28,CURRENT,208.57,O0000371
P0000715,C00124,004,Johnston,2026-07-24,CURRENT,5.74,O0000371
P0000716,C00124,004,Johnston,2026-07-26,CURRENT,146.86,O0000371
P0000717,C00124,004,Johnston,2026-08-09,CURRENT,375.61,O0000372
P0000718,C00125,005,Chatham,2026-06-05,CURRENT,569.33,O0000373
P0000719,C00125,005,Chatham,2026-07-05,CURRENT,516.99,O0000374
P0000720,C00125,005,Chatham,2026-08-13,CURRENT,301.77,O0000375
P0000721,C00125,005,Chatham,2026-08-22,CURRENT,220.55,O0000375
P0000722,C00126,006,Alamance,2026-06-03,CURRENT,369.19,O0000376
P0000723,C00126,006,Alamance,2026-06-12,CURRENT,156.22,O0000376
P0000724,C00126,006,Alamance,2026-06-14,ARREARS,125.0,
P0000725,C00126,006,Alamance,2026-07-02,CURRENT,577.82,O0000377
P0000726,C00126,006,Alamance,2026-07-12,ARREARS,50.0,
P0000727,C00126,006,Alamance,2026-08-02,CURRENT,578.01,O0000378
P0000728,C00127,007,Cumberland,2026-06-24,CURRENT,301.35,O0000379
P0000729,C00127,007,Cumberland,2026-06-14,CURRENT,277.67,O0000379
P0000730,C00127,007,Cumberland,2026-07-10,CURRENT,287.88,O0000380
P0000731,C00127,007,Cumberland,2026-07-05,CURRENT,242.56,O0000380
P0000732,C00127,007,Cumberland,2026-08-27,CURRENT,549.87,O0000381
P0000733,C00128,008,Guilford,2026-06-02,CURRENT,386.97,O0000382
P0000734,C00128,008,Guilford,2026-07-07,CURRENT,80.08,O0000383
P0000735,C00128,008,Guilford,2026-07-03,CURRENT,304.48,O0000383
P0000736,C00128,008,Guilford,2026-07-25,CURRENT,23.9,O0000383
P0000737,C00128,008,Guilford,2026-08-16,CURRENT,210.03,O0000384
P0000738,C00128,008,Guilford,2026-08-17,CURRENT,137.22,O0000384
P0000739,C00129,001,Wake,2026-06-23,CURRENT,98.4,O0000385
P0000740,C00129,001,Wake,2026-06-05,CURRENT,130.69,O0000385
P0000741,C00129,001,Wake,2026-06-23,CURRENT,270.2,O0000385
P0000742,C00129,001,Wake,2026-07-26,CURRENT,103.03,O0000386
P0000743,C00129,001,Wake,2026-07-19,CURRENT,400.0,O0000386
P0000744,C00129,001,Wake,2026-07-21,ARREARS,125.0,
P0000745,C00129,001,Wake,2026-08-20,CURRENT,507.85,O0000387
P0000746,C00130,002,Durham,2026-06-07,CURRENT,166.33,O0000388
P0000747,C00130,002,Durham,2026-06-24,CURRENT,101.09,O0000388
P0000748,C00130,002,Durham,2026-06-08,ARREARS,75.0,
P0000749,C00130,002,Durham,2026-07-28,CURRENT,290.26,O0000389
P0000750,C00130,002,Durham,2026-08-06,CURRENT,279.16,O0000390
P0000751,C00130,002,Durham,2026-08-25,CURRENT,20.01,O0000390
P0000752,C00131,003,Orange,2026-06-27,CURRENT,602.15,O0000391
P0000753,C00131,003,Orange,2026-07-03,CURRENT,271.35,O0000392
P0000754,C00131,003,Orange,2026-07-10,CURRENT,266.84,O0000392
P0000755,C00131,003,Orange,2026-08-26,CURRENT,588.68,O0000393
P0000756,C00132,004,Johnston,2026-06-08,CURRENT,506.64,O0000394
P0000757,C00132,004,Johnston,2026-07-14,CURRENT,491.28,O0000395
P0000758,C00132,004,Johnston,2026-08-18,CURRENT,347.96,O0000396
P0000759,C00132,004,Johnston,2026-08-12,CURRENT,143.86,O0000396
P0000760,C00133,005,Chatham,2026-06-23,CURRENT,329.9,O0000397
P0000761,C00133,005,Chatham,2026-06-12,ARREARS,75.0,
P0000762,C00133,005,Chatham,2026-07-16,CURRENT,22.5,O0000398
P0000763,C00133,005,Chatham,2026-07-21,CURRENT,40.04,O0000398
P0000764,C00133,005,Chatham,2026-07-10,CURRENT,212.88,O0000398
P0000765,C00133,005,Chatham,2026-07-09,ARREARS,75.0,
P0000766,C00133,005,Chatham,2026-08-28,CURRENT,195.62,O0000399
P0000767,C00133,005,Chatham,2026-08-01,CURRENT,14.25,O0000399
P0000768,C00133,005,Chatham,2026-08-14,CURRENT,95.39,O0000399
P0000769,C00134,006,Alamance,2026-06-13,CURRENT,20.22,O0000400
P0000770,C00134,006,Alamance,2026-06-19,CURRENT,191.86,O0000400
P0000771,C00134,006,Alamance,2026-06-12,CURRENT,69.08,O0000400
P0000772,C00134,006,Alamance,2026-07-19,CURRENT,306.99,O0000401
P0000773,C00134,006,Alamance,2026-08-18,CURRENT,281.74,O0000402
P0000774,C00134,006,Alamance,2026-08-13,ARREARS,75.0,
P0000775,C00135,007,Cumberland,2026-06-20,CURRENT,179.54,O0000403
P0000776,C00135,007,Cumberland,2026-06-18,CURRENT,185.05,O0000403
P0000777,C00135,007,Cumberland,2026-06-14,CURRENT,145.01,O0000403
P0000778,C00135,007,Cumberland,2026-07-06,CURRENT,108.5,O0000404
P0000779,C00135,007,Cumberland,2026-07-09,CURRENT,438.22,O0000404
P0000780,C00135,007,Cumberland,2026-08-14,CURRENT,250.68,O0000405
P0000781,C00135,007,Cumberland,2026-08-01,CURRENT,329.7,O0000405
P0000782,C00136,008,Guilford,2026-06-04,CURRENT,95.18,O0000406
P0000783,C00136,008,Guilford,2026-06-03,CURRENT,250.63,O0000406
P0000784,C00136,008,Guilford,2026-06-08,CURRENT,35.27,O0000406
P0000785,C00136,008,Guilford,2026-07-07,CURRENT,442.73,O0000407
P0000786,C00136,008,Guilford,2026-08-13,CURRENT,454.45,O0000408
P0000787,C00137,001,Wake,2026-06-04,CURRENT,87.46,O0000409
P0000788,C00137,001,Wake,2026-06-28,CURRENT,254.4,O0000409
P0000789,C00137,001,Wake,2026-06-25,CURRENT,173.1,O0000409
P0000790,C00137,001,Wake,2026-07-07,CURRENT,331.16,O0000410
P0000791,C00137,001,Wake,2026-07-22,CURRENT,18.48,O0000410
P0000792,C00137,001,Wake,2026-07-16,CURRENT,190.11,O0000410
P0000793,C00137,001,Wake,2026-07-01,ARREARS,75.0,
P0000794,C00137,001,Wake,2026-08-03,CURRENT,372.4,O0000411
P0000795,C00137,001,Wake,2026-08-01,CURRENT,179.7,O0000411
P0000796,C00138,002,Durham,2026-06-08,CURRENT,399.86,O0000412
P0000797,C00138,002,Durham,2026-06-25,ARREARS,150.0,
P0000798,C00138,002,Durham,2026-07-06,CURRENT,439.58,O0000413
P0000799,C00138,002,Durham,2026-08-09,CURRENT,299.99,O0000414
P0000800,C00138,002,Durham,2026-08-11,CURRENT,107.91,O0000414
P0000801,C00139,003,Orange,2026-06-11,CURRENT,425.31,O0000415
P0000802,C00139,003,Orange,2026-07-06,CURRENT,222.21,O0000416
P0000803,C00139,003,Orange,2026-07-07,CURRENT,203.79,O0000416
P0000804,C00139,003,Orange,2026-08-10,CURRENT,358.54,O0000417
P0000805,C00139,003,Orange,2026-08-17,CURRENT,32.9,O0000417
P0000806,C00140,004,Johnston,2026-06-19,CURRENT,185.92,O0000418
P0000807,C00140,004,Johnston,2026-06-07,CURRENT,100.57,O0000418
P0000808,C00140,004,Johnston,2026-06-01,CURRENT,141.62,O0000418
P0000809,C00140,004,Johnston,2026-07-26,CURRENT,91.46,O0000419
P0000810,C00140,004,Johnston,2026-07-17,CURRENT,324.89,O0000419
P0000811,C00140,004,Johnston,2026-08-18,CURRENT,5.32,O0000420
P0000812,C00140,004,Johnston,2026-08-07,CURRENT,0.18,O0000420
P0000813,C00140,004,Johnston,2026-08-22,CURRENT,365.39,O0000420
P0000814,C00141,005,Chatham,2026-06-05,CURRENT,260.91,O0000421
P0000815,C00141,005,Chatham,2026-06-18,CURRENT,45.27,O0000421
P0000816,C00141,005,Chatham,2026-07-21,CURRENT,326.77,O0000422
P0000817,C00141,005,Chatham,2026-08-15,CURRENT,319.76,O0000423
P0000818,C00142,006,Alamance,2026-06-21,CURRENT,104.15,O0000424
P0000819,C00142,006,Alamance,2026-06-23,CURRENT,359.17,O0000424
P0000820,C00142,006,Alamance,2026-06-03,CURRENT,9.0,O0000424
P0000821,C00142,006,Alamance,2026-07-05,CURRENT,407.99,O0000425
P0000822,C00142,006,Alamance,2026-08-18,CURRENT,441.47,O0000426
P0000823,C00142,006,Alamance,2026-08-08,ARREARS,150.0,
P0000824,C00143,007,Cumberland,2026-06-04,CURRENT,140.11,O0000427
P0000825,C00143,007,Cumberland,2026-06-06,CURRENT,476.18,O0000427
P0000826,C00143,007,Cumberland,2026-07-11,CURRENT,293.57,O0000428
P0000827,C00143,007,Cumberland,2026-07-07,CURRENT,254.87,O0000428
P0000828,C00143,007,Cumberland,2026-08-08,CURRENT,325.92,O0000429
P0000829,C00143,007,Cumberland,2026-08-15,CURRENT,286.47,O0000429
P0000830,C00144,008,Guilford,2026-06-05,CURRENT,320.4,O0000430
P0000831,C00144,008,Guilford,2026-07-11,CURRENT,343.34,O0000431
P0000832,C00144,008,Guilford,2026-08-16,CURRENT,70.35,O0000432
P0000833,C00144,008,Guilford,2026-08-27,CURRENT,284.01,O0000432
P0000834,C00145,001,Wake,2026-06-12,CURRENT,398.99,O0000433
P0000835,C00145,001,Wake,2026-07-06,CURRENT,400.53,O0000434
P0000836,C00145,001,Wake,2026-08-25,CURRENT,406.99,O0000435
P0000837,C00146,002,Durham,2026-06-12,CURRENT,571.38,O0000436
P0000838,C00146,002,Durham,2026-07-03,CURRENT,194.61,O0000437
P0000839,C00146,002,Durham,2026-07-26,CURRENT,49.07,O0000437
P0000840,C00146,002,Durham,2026-07-03,CURRENT,352.25,O0000437
P0000841,C00146,002,Durham,2026-08-22,CURRENT,649.3,O0000438
P0000842,C00147,003,Orange,2026-06-08,CURRENT,388.8,O0000439
P0000843,C00147,003,Orange,2026-06-22,CURRENT,32.43,O0000439
P0000844,C00147,003,Orange,2026-06-28,CURRENT,173.79,O0000439
P0000845,C00147,003,Orange,2026-07-17,CURRENT,581.63,O0000440
P0000846,C00147,003,Orange,2026-08-15,CURRENT,532.94,O0000441
P0000847,C00147,003,Orange,2026-08-28,CURRENT,89.31,O0000441
P0000848,C00148,004,Johnston,2026-06-03,CURRENT,243.62,O0000442
P0000849,C00148,004,Johnston,2026-06-11,CURRENT,37.87,O0000442
P0000850,C00148,004,Johnston,2026-06-23,CURRENT,161.47,O0000442
P0000851,C00148,004,Johnston,2026-06-22,ARREARS,150.0,
P0000852,C00148,004,Johnston,2026-07-11,CURRENT,57.78,O0000443
P0000853,C00148,004,Johnston,2026-07-07,CURRENT,148.57,O0000443
P0000854,C00148,004,Johnston,2026-07-05,CURRENT,227.59,O0000443
P0000855,C00148,004,Johnston,2026-08-10,CURRENT,416.43,O0000444
P0000856,C00149,005,Chatham,2026-06-16,CURRENT,387.16,O0000445
P0000857,C00149,005,Chatham,2026-06-28,CURRENT,77.32,O0000445
P0000858,C00149,005,Chatham,2026-07-14,CURRENT,296.35,O0000446
P0000859,C00149,005,Chatham,2026-07-20,CURRENT,112.68,O0000446
P0000860,C00149,005,Chatham,2026-08-08,CURRENT,101.7,O0000447
P0000861,C00149,005,Chatham,2026-08-02,CURRENT,396.41,O0000447
P0000862,C00150,006,Alamance,2026-06-05,CURRENT,515.43,O0000448
P0000863,C00150,006,Alamance,2026-07-13,CURRENT,569.4,O0000449
P0000864,C00150,006,Alamance,2026-08-15,CURRENT,531.63,O0000450
P0000865,C00151,007,Cumberland,2026-06-12,CURRENT,506.91,O0000451
P0000866,C00151,007,Cumberland,2026-07-16,CURRENT,447.86,O0000452
P0000867,C00151,007,Cumberland,2026-08-25,CURRENT,443.09,O0000453
P0000868,C00151,007,Cumberland,2026-08-10,ARREARS,150.0,
P0000869,C00152,008,Guilford,2026-06-11,CURRENT,305.33,O0000454
P0000870,C00152,008,Guilford,2026-07-15,CURRENT,290.71,O0000455
P0000871,C00152,008,Guilford,2026-08-02,CURRENT,296.52,O0000456
P0000872,C00153,001,Wake,2026-06-28,CURRENT,37.19,O0000457
P0000873,C00153,001,Wake,2026-06-13,CURRENT,192.56,O0000457
P0000874,C00153,001,Wake,2026-06-13,CURRENT,386.82,O0000457
P0000875,C00153,001,Wake,2026-07-09,CURRENT,569.93,O0000458
P0000876,C00153,001,Wake,2026-07-22,ARREARS,100.0,
P0000877,C00153,001,Wake,2026-08-17,CURRENT,444.0,O0000459
P0000878,C00153,001,Wake,2026-08-06,CURRENT,108.03,O0000459
P0000879,C00153,001,Wake,2026-08-19,ARREARS,50.0,
P0000880,C00154,002,Durham,2026-06-02,CURRENT,297.53,O0000460
P0000881,C00154,002,Durham,2026-07-26,CURRENT,179.31,O0000461
P0000882,C00154,002,Durham,2026-07-21,CURRENT,82.49,O0000461
P0000883,C00154,002,Durham,2026-08-06,CURRENT,128.48,O0000462
P0000884,C00154,002,Durham,2026-08-24,CURRENT,138.57,O0000462
P0000885,C00155,003,Orange,2026-06-22,CURRENT,373.61,O0000463
P0000886,C00155,003,Orange,2026-07-18,CURRENT,23.41,O0000464
P0000887,C00155,003,Orange,2026-07-17,CURRENT,31.22,O0000464
P0000888,C00155,003,Orange,2026-07-07,CURRENT,288.26,O0000464
P0000889,C00155,003,Orange,2026-08-08,CURRENT,322.46,O0000465
P0000890,C00156,004,Johnston,2026-06-13,CURRENT,504.89,O0000466
P0000891,C00156,004,Johnston,2026-06-10,ARREARS,75.0,
P0000892,C00156,004,Johnston,2026-07-25,CURRENT,374.29,O0000467
P0000893,C00156,004,Johnston,2026-07-04,CURRENT,201.1,O0000467
P0000894,C00156,004,Johnston,2026-07-07,ARREARS,50.0,
P0000895,C00156,004,Johnston,2026-08-06,CURRENT,509.4,O0000468
P0000896,C00157,005,Chatham,2026-06-02,CURRENT,326.12,O0000469
P0000897,C00157,005,Chatham,2026-07-19,CURRENT,217.73,O0000470
P0000898,C00157,005,Chatham,2026-07-10,CURRENT,131.75,O0000470
P0000899,C00157,005,Chatham,2026-08-11,CURRENT,112.81,O0000471
P0000900,C00157,005,Chatham,2026-08-16,CURRENT,30.81,O0000471
P0000901,C00157,005,Chatham,2026-08-06,CURRENT,232.9,O0000471
P0000902,C00158,006,Alamance,2026-06-21,CURRENT,59.59,O0000472
P0000903,C00158,006,Alamance,2026-06-02,CURRENT,139.3,O0000472
P0000904,C00158,006,Alamance,2026-06-22,CURRENT,302.83,O0000472
P0000905,C00158,006,Alamance,2026-06-02,ARREARS,150.0,
P0000906,C00158,006,Alamance,2026-07-15,CURRENT,441.81,O0000473
P0000907,C00158,006,Alamance,2026-08-09,CURRENT,244.56,O0000474
P0000908,C00158,006,Alamance,2026-08-08,CURRENT,43.24,O0000474
P0000909,C00158,006,Alamance,2026-08-08,CURRENT,194.15,O0000474
P0000910,C00159,007,Cumberland,2026-06-19,CURRENT,63.51,O0000475
P0000911,C00159,007,Cumberland,2026-06-24,CURRENT,159.94,O0000475
P0000912,C00159,007,Cumberland,2026-06-27,CURRENT,41.99,O0000475
P0000913,C00159,007,Cumberland,2026-07-16,CURRENT,299.93,O0000476
P0000914,C00159,007,Cumberland,2026-08-03,CURRENT,298.25,O0000477
P0000915,C00159,007,Cumberland,2026-08-04,ARREARS,100.0,
P0000916,C00160,008,Guilford,2026-06-09,CURRENT,573.36,O0000478
P0000917,C00160,008,Guilford,2026-07-21,CURRENT,75.23,O0000479
P0000918,C00160,008,Guilford,2026-07-26,CURRENT,428.35,O0000479
P0000919,C00160,008,Guilford,2026-08-22,CURRENT,528.55,O0000480
P0000920,C00160,008,Guilford,2026-08-09,ARREARS,125.0,
P0000921,C00161,001,Wake,2026-06-07,CURRENT,84.01,O0000481
P0000922,C00161,001,Wake,2026-06-15,CURRENT,327.34,O0000481
P0000923,C00161,001,Wake,2026-06-10,CURRENT,116.38,O0000481
P0000924,C00161,001,Wake,2026-07-13,CURRENT,502.89,O0000482
P0000925,C00161,001,Wake,2026-08-25,CURRENT,220.5,O0000483
P0000926,C00161,001,Wake,2026-08-28,CURRENT,310.55,O0000483
P0000927,C00161,001,Wake,2026-08-01,CURRENT,39.88,O0000483
P0000928,C00162,002,Durham,2026-06-08,CURRENT,157.83,O0000484
P0000929,C00162,002,Durham,2026-06-03,CURRENT,173.22,O0000484
P0000930,C00162,002,Durham,2026-07-25,CURRENT,113.37,O0000485
P0000931,C00162,002,Durham,2026-07-08,CURRENT,228.62,O0000485
P0000932,C00162,002,Durham,2026-08-16,CURRENT,63.15,O0000486
P0000933,C00162,002,Durham,2026-08-02,CURRENT,270.76,O0000486
P0000934,C00163,003,Orange,2026-06-25,CURRENT,540.98,O0000487
P0000935,C00163,003,Orange,2026-07-03,CURRENT,585.02,O0000488
P0000936,C00163,003,Orange,2026-08-20,CURRENT,302.49,O0000489
P0000937,C00163,003,Orange,2026-08-06,CURRENT,96.99,O0000489
P0000938,C00163,003,Orange,2026-08-08,CURRENT,174.48,O0000489
P0000939,C00164,004,Johnston,2026-06-06,CURRENT,475.21,O0000490
P0000940,C00164,004,Johnston,2026-07-27,CURRENT,85.79,O0000491
P0000941,C00164,004,Johnston,2026-07-26,CURRENT,128.91,O0000491
P0000942,C00164,004,Johnston,2026-07-18,CURRENT,278.93,O0000491
P0000943,C00164,004,Johnston,2026-08-23,CURRENT,116.8,O0000492
P0000944,C00164,004,Johnston,2026-08-08,CURRENT,358.89,O0000492
P0000945,C00164,004,Johnston,2026-08-25,CURRENT,26.64,O0000492
P0000946,C00165,005,Chatham,2026-06-14,CURRENT,36.83,O0000493
P0000947,C00165,005,Chatham,2026-06-09,CURRENT,304.11,O0000493
P0000948,C00165,005,Chatham,2026-07-03,CURRENT,160.56,O0000494
P0000949,C00165,005,Chatham,2026-07-11,CURRENT,202.55,O0000494
P0000950,C00165,005,Chatham,2026-07-14,ARREARS,75.0,
P0000951,C00165,005,Chatham,2026-08-25,CURRENT,352.96,O0000495
P0000952,C00165,005,Chatham,2026-08-19,CURRENT,13.04,O0000495
P0000953,C00165,005,Chatham,2026-08-08,ARREARS,50.0,
P0000954,C00166,006,Alamance,2026-06-03,CURRENT,145.88,O0000496
P0000955,C00166,006,Alamance,2026-06-08,CURRENT,261.25,O0000496
P0000956,C00166,006,Alamance,2026-07-21,CURRENT,469.8,O0000497
P0000957,C00166,006,Alamance,2026-08-05,CURRENT,372.85,O0000498
P0000958,C00166,006,Alamance,2026-08-02,CURRENT,52.54,O0000498
P0000959,C00167,007,Cumberland,2026-06-11,CURRENT,479.31,O0000499
P0000960,C00167,007,Cumberland,2026-07-26,CURRENT,47.95,O0000500
P0000961,C00167,007,Cumberland,2026-07-12,CURRENT,7.51,O0000500
P0000962,C00167,007,Cumberland,2026-07-24,CURRENT,490.55,O0000500
P0000963,C00167,007,Cumberland,2026-08-11,CURRENT,243.99,O0000501
P0000964,C00167,007,Cumberland,2026-08-11,CURRENT,247.34,O0000501
P0000965,C00168,008,Guilford,2026-06-02,CURRENT,53.35,O0000502
P0000966,C00168,008,Guilford,2026-06-04,CURRENT,537.88,O0000502
P0000967,C00168,008,Guilford,2026-07-11,CURRENT,575.36,O0000503
P0000968,C00168,008,Guilford,2026-08-03,CURRENT,443.1,O0000504
P0000969,C00168,008,Guilford,2026-08-12,CURRENT,132.95,O0000504
P0000970,C00168,008,Guilford,2026-08-01,CURRENT,40.01,O0000504
P0000971,C00169,001,Wake,2026-06-13,CURRENT,491.58,O0000505
P0000972,C00169,001,Wake,2026-07-17,CURRENT,105.55,O0000506
P0000973,C00169,001,Wake,2026-07-26,CURRENT,352.33,O0000506
P0000974,C00169,001,Wake,2026-07-13,CURRENT,95.29,O0000506
P0000975,C00169,001,Wake,2026-08-15,CURRENT,83.46,O0000507
P0000976,C00169,001,Wake,2026-08-18,CURRENT,380.97,O0000507
P0000977,C00169,001,Wake,2026-08-20,ARREARS,150.0,
P0000978,C00170,002,Durham,2026-06-26,CURRENT,408.62,O0000508
P0000979,C00170,002,Durham,2026-07-02,CURRENT,446.5,O0000509
P0000980,C00170,002,Durham,2026-08-20,CURRENT,26.06,O0000510
P0000981,C00170,002,Durham,2026-08-20,CURRENT,82.69,O0000510
P0000982,C00170,002,Durham,2026-08-08,CURRENT,334.97,O0000510
P0000983,C00171,003,Orange,2026-06-17,CURRENT,321.0,O0000511
P0000984,C00171,003,Orange,2026-07-26,CURRENT,336.01,O0000512
P0000985,C00171,003,Orange,2026-08-18,CURRENT,267.77,O0000513
P0000986,C00171,003,Orange,2026-08-11,CURRENT,98.43,O0000513
P0000987,C00172,004,Johnston,2026-06-13,CURRENT,525.47,O0000514
P0000988,C00172,004,Johnston,2026-06-28,CURRENT,27.05,O0000514
P0000989,C00172,004,Johnston,2026-06-12,CURRENT,123.33,O0000514
P0000990,C00172,004,Johnston,2026-07-07,CURRENT,621.41,O0000515
P0000991,C00172,004,Johnston,2026-08-14,CURRENT,678.41,O0000516
P0000992,C00173,005,Chatham,2026-06-25,CURRENT,114.4,O0000517
P0000993,C00173,005,Chatham,2026-06-01,CURRENT,129.07,O0000517
P0000994,C00173,005,Chatham,2026-07-24,CURRENT,254.34,O0000518
P0000995,C00173,005,Chatham,2026-07-24,ARREARS,50.0,
P0000996,C00173,005,Chatham,2026-08-04,CURRENT,74.62,O0000519
P0000997,C00173,005,Chatham,2026-08-27,CURRENT,123.43,O0000519
P0000998,C00173,005,Chatham,2026-08-03,CURRENT,40.04,O0000519
P0000999,C00174,006,Alamance,2026-06-26,CURRENT,5.66,O0000520
P0001000,C00174,006,Alamance,2026-06-17,CURRENT,310.58,O0000520
P0001001,C00174,006,Alamance,2026-06-28,CURRENT,141.6,O0000520
P0001002,C00174,006,Alamance,2026-06-15,ARREARS,75.0,
P0001003,C00174,006,Alamance,2026-07-26,CURRENT,496.7,O0000521
P0001004,C00174,006,Alamance,2026-08-22,CURRENT,128.04,O0000522
P0001005,C00174,006,Alamance,2026-08-25,CURRENT,384.95,O0000522
P0001006,C00175,007,Cumberland,2026-06-05,CURRENT,472.28,O0000523
P0001007,C00175,007,Cumberland,2026-07-19,CURRENT,478.16,O0000524
P0001008,C00175,007,Cumberland,2026-07-07,ARREARS,50.0,
P0001009,C00175,007,Cumberland,2026-08-23,CURRENT,154.37,O0000525
P0001010,C00175,007,Cumberland,2026-08-21,CURRENT,336.09,O0000525
P0001011,C00176,008,Guilford,2026-06-09,CURRENT,64.87,O0000526
P0001012,C00176,008,Guilford,2026-06-27,CURRENT,422.97,O0000526
P0001013,C00176,008,Guilford,2026-06-11,CURRENT,35.06,O0000526
P0001014,C00176,008,Guilford,2026-06-17,ARREARS,125.0,
P0001015,C00176,008,Guilford,2026-07-14,CURRENT,498.5,O0000527
P0001016,C00176,008,Guilford,2026-08-06,CURRENT,173.63,O0000528
P0001017,C00176,008,Guilford,2026-08-27,CURRENT,242.39,O0000528
P0001018,C00176,008,Guilford,2026-08-02,CURRENT,128.5,O0000528
P0001019,C00176,008,Guilford,2026-08-20,ARREARS,150.0,
P0001020,C00177,001,Wake,2026-06-03,CURRENT,406.48,O0000529
P0001021,C00177,001,Wake,2026-07-17,CURRENT,411.39,O0000530
P0001022,C00177,001,Wake,2026-08-07,CURRENT,423.57,O0000531
P0001023,C00178,002,Durham,2026-06-06,CURRENT,324.62,O0000532
P0001024,C00178,002,Durham,2026-06-23,CURRENT,64.69,O0000532
P0001025,C00178,002,Durham,2026-07-03,CURRENT,387.34,O0000533
P0001026,C00178,002,Durham,2026-08-13,CURRENT,43.77,O0000534
P0001027,C00178,002,Durham,2026-08-16,CURRENT,213.92,O0000534
P0001028,C00178,002,Durham,2026-08-10,CURRENT,82.95,O0000534
P0001029,C00179,003,Orange,2026-06-25,CURRENT,500.89,O0000535
P0001030,C00179,003,Orange,2026-07-09,CURRENT,354.9,O0000536
P0001031,C00179,003,Orange,2026-07-26,CURRENT,75.4,O0000536
P0001032,C00179,003,Orange,2026-07-20,CURRENT,106.56,O0000536
P0001033,C00179,003,Orange,2026-08-10,CURRENT,182.37,O0000537
P0001034,C00179,003,Orange,2026-08-23,CURRENT,418.66,O0000537
P0001035,C00179,003,Orange,2026-08-20,ARREARS,150.0,
P0001036,C00180,004,Johnston,2026-06-25,CURRENT,34.98,O0000538
P0001037,C00180,004,Johnston,2026-06-09,CURRENT,288.34,O0000538
P0001038,C00180,004,Johnston,2026-07-06,CURRENT,301.57,O0000539
P0001039,C00180,004,Johnston,2026-08-07,CURRENT,318.92,O0000540
P0001040,C00181,005,Chatham,2026-06-27,CURRENT,81.02,O0000541
P0001041,C00181,005,Chatham,2026-06-16,CURRENT,9.24,O0000541
P0001042,C00181,005,Chatham,2026-06-15,CURRENT,217.78,O0000541
P0001043,C00181,005,Chatham,2026-07-08,CURRENT,322.84,O0000542
P0001044,C00181,005,Chatham,2026-08-09,CURRENT,292.64,O0000543
P0001045,C00182,006,Alamance,2026-06-27,CURRENT,164.96,O0000544
P0001046,C00182,006,Alamance,2026-06-28,CURRENT,369.72,O0000544
P0001047,C00182,006,Alamance,2026-06-24,ARREARS,125.0,
P0001048,C00182,006,Alamance,2026-07-07,CURRENT,603.26,O0000545
P0001049,C00182,006,Alamance,2026-08-20,CURRENT,30.5,O0000546
P0001050,C00182,006,Alamance,2026-08-03,CURRENT,279.54,O0000546
P0001051,C00182,006,Alamance,2026-08-10,CURRENT,222.96,O0000546
P0001052,C00183,007,Cumberland,2026-06-23,CURRENT,473.09,O0000547
P0001053,C00183,007,Cumberland,2026-07-26,CURRENT,79.52,O0000548
P0001054,C00183,007,Cumberland,2026-07-06,CURRENT,427.22,O0000548
P0001055,C00183,007,Cumberland,2026-08-13,CURRENT,437.38,O0000549
P0001056,C00183,007,Cumberland,2026-08-04,CURRENT,71.69,O0000549
P0001057,C00184,008,Guilford,2026-06-01,CURRENT,167.91,O0000550
P0001058,C00184,008,Guilford,2026-06-01,CURRENT,141.16,O0000550
P0001059,C00184,008,Guilford,2026-07-21,CURRENT,78.76,O0000551
P0001060,C00184,008,Guilford,2026-07-01,CURRENT,34.24,O0000551
P0001061,C00184,008,Guilford,2026-07-15,CURRENT,218.64,O0000551
P0001062,C00184,008,Guilford,2026-08-14,CURRENT,159.02,O0000552
P0001063,C00184,008,Guilford,2026-08-10,CURRENT,202.96,O0000552
P0001064,C00185,001,Wake,2026-06-27,CURRENT,86.91,O0000553
P0001065,C00185,001,Wake,2026-06-03,CURRENT,267.52,O0000553
P0001066,C00185,001,Wake,2026-07-24,CURRENT,227.83,O0000554
P0001067,C00185,001,Wake,2026-07-11,CURRENT,74.62,O0000554
P0001068,C00185,001,Wake,2026-07-15,CURRENT,105.03,O0000554
P0001069,C00185,001,Wake,2026-07-08,ARREARS,75.0,
P0001070,C00185,001,Wake,2026-08-05,CURRENT,413.29,O0000555
P0001071,C00186,002,Durham,2026-06-09,CURRENT,11.28,O0000556
P0001072,C00186,002,Durham,2026-06-13,CURRENT,128.15,O0000556
P0001073,C00186,002,Durham,2026-06-11,CURRENT,178.48,O0000556
P0001074,C00186,002,Durham,2026-07-12,CURRENT,64.1,O0000557
P0001075,C00186,002,Durham,2026-07-21,CURRENT,281.43,O0000557
P0001076,C00186,002,Durham,2026-08-05,CURRENT,278.13,O0000558
P0001077,C00186,002,Durham,2026-08-05,CURRENT,41.17,O0000558
P0001078,C00187,003,Orange,2026-06-14,CURRENT,390.97,O0000559
P0001079,C00187,003,Orange,2026-07-03,CURRENT,164.12,O0000560
P0001080,C00187,003,Orange,2026-07-07,CURRENT,210.56,O0000560
P0001081,C00187,003,Orange,2026-08-20,CURRENT,362.52,O0000561
P0001082,C00188,004,Johnston,2026-06-20,CURRENT,286.21,O0000562
P0001083,C00188,004,Johnston,2026-06-08,CURRENT,336.27,O0000562
P0001084,C00188,004,Johnston,2026-07-09,CURRENT,282.28,O0000563
P0001085,C00188,004,Johnston,2026-07-11,CURRENT,218.93,O0000563
P0001086,C00188,004,Johnston,2026-07-23,CURRENT,210.75,O0000563
P0001087,C00188,004,Johnston,2026-08-17,CURRENT,540.27,O0000564
P0001088,C00188,004,Johnston,2026-08-11,CURRENT,9.01,O0000564
P0001089,C00188,004,Johnston,2026-08-07,CURRENT,68.33,O0000564
P0001090,C00189,005,Chatham,2026-06-11,CURRENT,219.58,O0000565
P0001091,C00189,005,Chatham,2026-06-04,CURRENT,322.45,O0000565
P0001092,C00189,005,Chatham,2026-07-07,CURRENT,574.11,O0000566
P0001093,C00189,005,Chatham,2026-08-17,CURRENT,4.68,O0000567
P0001094,C00189,005,Chatham,2026-08-10,CURRENT,591.51,O0000567
P0001095,C00190,006,Alamance,2026-06-08,CURRENT,554.62,O0000568
P0001096,C00190,006,Alamance,2026-07-04,CURRENT,90.74,O0000569
P0001097,C00190,006,Alamance,2026-07-27,CURRENT,494.6,O0000569
P0001098,C00190,006,Alamance,2026-08-01,CURRENT,437.44,O0000570
P0001099,C00190,006,Alamance,2026-08-12,CURRENT,224.23,O0000570
P0001100,C00191,007,Cumberland,2026-06-14,CURRENT,455.11,O0000571
P0001101,C00191,007,Cumberland,2026-07-01,CURRENT,537.18,O0000572
P0001102,C00191,007,Cumberland,2026-08-22,CURRENT,522.76,O0000573
P0001103,C00192,008,Guilford,2026-06-22,CURRENT,312.34,O0000574
P0001104,C00192,008,Guilford,2026-06-06,CURRENT,66.33,O0000574
P0001105,C00192,008,Guilford,2026-06-12,CURRENT,129.18,O0000574
P0001106,C00192,008,Guilford,2026-07-25,CURRENT,78.95,O0000575
P0001107,C00192,008,Guilford,2026-07-23,CURRENT,193.73,O0000575
P0001108,C00192,008,Guilford,2026-07-05,CURRENT,314.42,O0000575
P0001109,C00192,008,Guilford,2026-08-12,CURRENT,590.26,O0000576
P0001110,C00193,001,Wake,2026-06-28,CURRENT,338.1,O0000577
P0001111,C00193,001,Wake,2026-06-19,CURRENT,332.17,O0000577
P0001112,C00193,001,Wake,2026-07-12,CURRENT,583.27,O0000578
P0001113,C00193,001,Wake,2026-08-19,CURRENT,26.42,O0000579
P0001114,C00193,001,Wake,2026-08-27,CURRENT,588.01,O0000579
P0001115,C00194,002,Durham,2026-06-12,CURRENT,345.72,O0000580
P0001116,C00194,002,Durham,2026-06-25,CURRENT,25.6,O0000580
P0001117,C00194,002,Durham,2026-07-12,CURRENT,256.79,O0000581
P0001118,C00194,002,Durham,2026-07-23,CURRENT,98.8,O0000581
P0001119,C00194,002,Durham,2026-08-04,CURRENT,343.16,O0000582
P0001120,C00194,002,Durham,2026-08-14,ARREARS,100.0,
P0001121,C00195,003,Orange,2026-06-10,CURRENT,578.99,O0000583
P0001122,C00195,003,Orange,2026-07-14,CURRENT,169.27,O0000584
P0001123,C00195,003,Orange,2026-07-09,CURRENT,364.77,O0000584
P0001124,C00195,003,Orange,2026-08-28,CURRENT,289.76,O0000585
P0001125,C00195,003,Orange,2026-08-14,CURRENT,298.27,O0000585
P0001126,C00195,003,Orange,2026-08-14,CURRENT,50.17,O0000585
P0001127,C00196,004,Johnston,2026-06-05,CURRENT,570.43,O0000586
P0001128,C00196,004,Johnston,2026-07-09,CURRENT,29.03,O0000587
P0001129,C00196,004,Johnston,2026-07-02,CURRENT,173.91,O0000587
P0001130,C00196,004,Johnston,2026-07-13,CURRENT,420.11,O0000587
P0001131,C00196,004,Johnston,2026-08-18,CURRENT,117.83,O0000588
P0001132,C00196,004,Johnston,2026-08-22,CURRENT,395.46,O0000588
P0001133,C00196,004,Johnston,2026-08-22,CURRENT,135.91,O0000588
P0001134,C00196,004,Johnston,2026-08-13,ARREARS,75.0,
P0001135,C00197,005,Chatham,2026-06-21,CURRENT,376.59,O0000589
P0001136,C00197,005,Chatham,2026-07-19,CURRENT,386.4,O0000590
P0001137,C00197,005,Chatham,2026-07-01,ARREARS,150.0,
P0001138,C00197,005,Chatham,2026-08-18,CURRENT,154.41,O0000591
P0001139,C00197,005,Chatham,2026-08-20,CURRENT,247.46,O0000591
P0001140,C00198,006,Alamance,2026-06-12,CURRENT,398.17,O0000592
P0001141,C00198,006,Alamance,2026-07-05,CURRENT,306.98,O0000593
P0001142,C00198,006,Alamance,2026-07-27,CURRENT,120.22,O0000593
P0001143,C00198,006,Alamance,2026-08-14,CURRENT,403.77,O0000594
P0001144,C00198,006,Alamance,2026-08-23,CURRENT,23.13,O0000594
P0001145,C00198,006,Alamance,2026-08-26,ARREARS,125.0,
P0001146,C00199,007,Cumberland,2026-06-23,CURRENT,441.77,O0000595
P0001147,C00199,007,Cumberland,2026-07-25,CURRENT,119.5,O0000596
P0001148,C00199,007,Cumberland,2026-07-07,CURRENT,362.89,O0000596
P0001149,C00199,007,Cumberland,2026-08-19,CURRENT,30.35,O0000597
P0001150,C00199,007,Cumberland,2026-08-16,CURRENT,112.9,O0000597
P0001151,C00199,007,Cumberland,2026-08-15,CURRENT,352.45,O0000597
P0001152,C00200,008,Guilford,2026-06-15,CURRENT,530.22,O0000598
P0001153,C00200,008,Guilford,2026-06-10,ARREARS,50.0,
P0001154,C00200,008,Guilford,2026-07-07,CURRENT,601.98,O0000599
P0001155,C00200,008,Guilford,2026-08-03,CURRENT,190.46,O0000600
P0001156,C00200,008,Guilford,2026-08-09,CURRENT,422.07,O0000600
P0001157,C00200,008,Guilford,2026-08-06,ARREARS,50.0,
P0001158,C00201,001,Wake,2026-06-11,CURRENT,253.67,O0000601
P0001159,C00201,001,Wake,2026-06-11,CURRENT,237.06,O0000601
P0001160,C00201,001,Wake,2026-07-01,CURRENT,475.97,O0000602
P0001161,C00201,001,Wake,2026-08-13,CURRENT,243.73,O0000603
P0001162,C00201,001,Wake,2026-08-22,CURRENT,285.48,O0000603
P0001163,C00202,002,Durham,2026-06-26,CURRENT,79.62,O0000604
P0001164,C00202,002,Durham,2026-06-20,CURRENT,107.41,O0000604
P0001165,C00202,002,Durham,2026-06-07,CURRENT,307.23,O0000604
P0001166,C00202,002,Durham,2026-07-25,CURRENT,457.81,O0000605
P0001167,C00202,002,Durham,2026-07-24,CURRENT,54.97,O0000605
P0001168,C00202,002,Durham,2026-08-13,CURRENT,481.43,O0000606
P0001169,C00202,002,Durham,2026-08-16,ARREARS,100.0,
P0001170,C00203,003,Orange,2026-06-27,CURRENT,374.03,O0000607
P0001171,C00203,003,Orange,2026-07-22,CURRENT,106.97,O0000608
P0001172,C00203,003,Orange,2026-07-28,CURRENT,275.6,O0000608
P0001173,C00203,003,Orange,2026-08-14,CURRENT,257.34,O0000609
P0001174,C00203,003,Orange,2026-08-28,CURRENT,107.75,O0000609
P0001175,C00203,003,Orange,2026-08-07,CURRENT,10.65,O0000609
P0001176,C00204,004,Johnston,2026-06-16,CURRENT,343.0,O0000610
P0001177,C00204,004,Johnston,2026-07-22,CURRENT,21.41,O0000611
P0001178,C00204,004,Johnston,2026-07-09,CURRENT,299.99,O0000611
P0001179,C00204,004,Johnston,2026-07-20,ARREARS,125.0,
P0001180,C00204,004,Johnston,2026-08-12,CURRENT,332.52,O0000612
P0001181,C00205,005,Chatham,2026-06-01,CURRENT,434.04,O0000613
P0001182,C00205,005,Chatham,2026-07-24,CURRENT,438.27,O0000614
P0001183,C00205,005,Chatham,2026-08-04,CURRENT,78.67,O0000615
P0001184,C00205,005,Chatham,2026-08-12,CURRENT,276.56,O0000615
P0001185,C00205,005,Chatham,2026-08-06,CURRENT,34.77,O0000615
P0001186,C00206,006,Alamance,2026-06-06,CURRENT,130.05,O0000616
P0001187,C00206,006,Alamance,2026-06-21,CURRENT,208.8,O0000616
P0001188,C00206,006,Alamance,2026-07-09,CURRENT,121.04,O0000617
P0001189,C00206,006,Alamance,2026-07-09,CURRENT,188.31,O0000617
P0001190,C00206,006,Alamance,2026-08-16,CURRENT,110.45,O0000618
P0001191,C00206,006,Alamance,2026-08-21,CURRENT,203.42,O0000618
P0001192,C00207,007,Cumberland,2026-06-28,CURRENT,109.61,O0000619
P0001193,C00207,007,Cumberland,2026-06-09,CURRENT,224.83,O0000619
P0001194,C00207,007,Cumberland,2026-07-11,CURRENT,364.12,O0000620
P0001195,C00207,007,Cumberland,2026-08-07,CURRENT,306.0,O0000621
P0001196,C00207,007,Cumberland,2026-08-09,CURRENT,45.86,O0000621
P0001197,C00208,008,Guilford,2026-06-13,CURRENT,351.12,O0000622
P0001198,C00208,008,Guilford,2026-07-23,CURRENT,254.55,O0000623
P0001199,C00208,008,Guilford,2026-07-01,CURRENT,100.0,O0000623
P0001200,C00208,008,Guilford,2026-08-06,CURRENT,15.29,O0000624
P0001201,C00208,008,Guilford,2026-08-05,CURRENT,176.66,O0000624
P0001202,C00208,008,Guilford,2026-08-07,CURRENT,126.01,O0000624
P0001203,C00209,001,Wake,2026-06-08,CURRENT,582.49,O0000625
P0001204,C00209,001,Wake,2026-07-06,CURRENT,582.23,O0000626
P0001205,C00209,001,Wake,2026-08-24,CURRENT,281.35,O0000627
P0001206,C00209,001,Wake,2026-08-12,CURRENT,282.85,O0000627
P0001207,C00209,001,Wake,2026-08-15,ARREARS,150.0,
P0001208,C00210,002,Durham,2026-06-13,CURRENT,170.16,O0000628
P0001209,C00210,002,Durham,2026-06-05,CURRENT,58.88,O0000628
P0001210,C00210,002,Durham,2026-06-06,CURRENT,121.28,O0000628
P0001211,C00210,002,Durham,2026-07-09,CURRENT,241.54,O0000629
P0001212,C00210,002,Durham,2026-07-10,CURRENT,131.37,O0000629
P0001213,C00210,002,Durham,2026-08-20,CURRENT,68.87,O0000630
P0001214,C00210,002,Durham,2026-08-06,CURRENT,300.34,O0000630
P0001215,C00211,003,Orange,2026-06-26,CURRENT,132.85,O0000631
P0001216,C00211,003,Orange,2026-06-25,CURRENT,296.69,O0000631
P0001217,C00211,003,Orange,2026-07-07,CURRENT,420.2,O0000632
P0001218,C00211,003,Orange,2026-08-21,CURRENT,211.9,O0000633
P0001219,C00211,003,Orange,2026-08-28,CURRENT,173.16,O0000633
P0001220,C00212,004,Johnston,2026-06-15,CURRENT,576.4,O0000634
P0001221,C00212,004,Johnston,2026-07-03,CURRENT,66.94,O0000635
P0001222,C00212,004,Johnston,2026-07-16,CURRENT,358.51,O0000635
P0001223,C00212,004,Johnston,2026-07-27,CURRENT,106.08,O0000635
P0001224,C00212,004,Johnston,2026-08-06,CURRENT,553.18,O0000636
P0001225,C00213,005,Chatham,2026-06-09,CURRENT,412.03,O0000637
P0001226,C00213,005,Chatham,2026-07-22,CURRENT,451.52,O0000638
P0001227,C00213,005,Chatham,2026-08-26,CURRENT,444.83,O0000639
P0001228,C00213,005,Chatham,2026-08-14,ARREARS,50.0,
P0001229,C00214,006,Alamance,2026-06-11,CURRENT,327.9,O0000640
P0001230,C00214,006,Alamance,2026-07-26,CURRENT,145.02,O0000641
P0001231,C00214,006,Alamance,2026-07-19,CURRENT,156.51,O0000641
P0001232,C00214,006,Alamance,2026-08-14,CURRENT,314.18,O0000642
P0001233,C00215,007,Cumberland,2026-06-22,CURRENT,46.45,O0000643
P0001234,C00215,007,Cumberland,2026-06-25,CURRENT,148.57,O0000643
P0001235,C00215,007,Cumberland,2026-06-11,CURRENT,318.81,O0000643
P0001236,C00215,007,Cumberland,2026-07-04,CURRENT,408.89,O0000644
P0001237,C00215,007,Cumberland,2026-07-09,CURRENT,103.0,O0000644
P0001238,C00215,007,Cumberland,2026-08-13,CURRENT,141.99,O0000645
P0001239,C00215,007,Cumberland,2026-08-14,CURRENT,357.95,O0000645
P0001240,C00216,008,Guilford,2026-06-05,CURRENT,207.05,O0000646
P0001241,C00216,008,Guilford,2026-06-15,CURRENT,367.09,O0000646
P0001242,C00216,008,Guilford,2026-06-08,ARREARS,100.0,
P0001243,C00216,008,Guilford,2026-07-15,CURRENT,533.95,O0000647
P0001244,C00216,008,Guilford,2026-08-22,CURRENT,631.68,O0000648
P0001245,C00217,001,Wake,2026-06-26,CURRENT,581.4,O0000649
P0001246,C00217,001,Wake,2026-07-20,CURRENT,638.24,O0000650
P0001247,C00217,001,Wake,2026-08-10,CURRENT,198.57,O0000651
P0001248,C00217,001,Wake,2026-08-07,CURRENT,326.67,O0000651
P0001249,C00217,001,Wake,2026-08-06,CURRENT,142.93,O0000651
P0001250,C00218,002,Durham,2026-06-23,CURRENT,234.61,O0000652
P0001251,C00218,002,Durham,2026-06-10,CURRENT,301.33,O0000652
P0001252,C00218,002,Durham,2026-07-22,CURRENT,500.83,O0000653
P0001253,C00218,002,Durham,2026-08-05,CURRENT,453.79,O0000654
P0001254,C00218,002,Durham,2026-08-04,CURRENT,89.09,O0000654
P0001255,C00219,003,Orange,2026-06-04,CURRENT,114.1,O0000655
P0001256,C00219,003,Orange,2026-06-21,CURRENT,223.44,O0000655
P0001257,C00219,003,Orange,2026-07-12,CURRENT,224.46,O0000656
P0001258,C00219,003,Orange,2026-07-07,CURRENT,108.76,O0000656
P0001259,C00219,003,Orange,2026-08-02,CURRENT,90.27,O0000657
P0001260,C00219,003,Orange,2026-08-02,CURRENT,222.52,O0000657
P0001261,C00219,003,Orange,2026-08-12,ARREARS,150.0,
P0001262,C00220,004,Johnston,2026-06-07,CURRENT,473.27,O0000658
P0001263,C00220,004,Johnston,2026-06-27,CURRENT,173.81,O0000658
P0001264,C00220,004,Johnston,2026-07-15,CURRENT,498.63,O0000659
P0001265,C00220,004,Johnston,2026-07-22,CURRENT,78.72,O0000659
P0001266,C00220,004,Johnston,2026-08-05,CURRENT,643.05,O0000660
P0001267,C00221,005,Chatham,2026-06-27,CURRENT,378.65,O0000661
P0001268,C00221,005,Chatham,2026-06-07,CURRENT,37.12,O0000661
P0001269,C00221,005,Chatham,2026-07-20,CURRENT,5.91,O0000662
P0001270,C00221,005,Chatham,2026-07-11,CURRENT,247.42,O0000662
P0001271,C00221,005,Chatham,2026-07-16,CURRENT,159.38,O0000662
P0001272,C00221,005,Chatham,2026-08-19,CURRENT,363.56,O0000663
P0001273,C00222,006,Alamance,2026-06-10,CURRENT,456.01,O0000664
P0001274,C00222,006,Alamance,2026-07-19,CURRENT,462.71,O0000665
P0001275,C00222,006,Alamance,2026-07-09,ARREARS,50.0,
P0001276,C00222,006,Alamance,2026-08-27,CURRENT,362.36,O0000666
P0001277,C00222,006,Alamance,2026-08-16,CURRENT,122.59,O0000666
P0001278,C00223,007,Cumberland,2026-06-11,CURRENT,607.73,O0000667
P0001279,C00223,007,Cumberland,2026-07-15,CURRENT,551.28,O0000668
P0001280,C00223,007,Cumberland,2026-08-28,CURRENT,193.81,O0000669
P0001281,C00223,007,Cumberland,2026-08-07,CURRENT,90.19,O0000669
P0001282,C00223,007,Cumberland,2026-08-22,CURRENT,247.72,O0000669
P0001283,C00224,008,Guilford,2026-06-15,CURRENT,181.78,O0000670
P0001284,C00224,008,Guilford,2026-06-02,CURRENT,466.91,O0000670
P0001285,C00224,008,Guilford,2026-06-06,CURRENT,7.8,O0000670
P0001286,C00224,008,Guilford,2026-07-27,CURRENT,232.36,O0000671
P0001287,C00224,008,Guilford,2026-07-01,CURRENT,431.36,O0000671
P0001288,C00224,008,Guilford,2026-08-20,CURRENT,441.14,O0000672
P0001289,C00224,008,Guilford,2026-08-09,CURRENT,185.86,O0000672
P0001290,C00225,001,Wake,2026-06-19,CURRENT,90.54,O0000673
P0001291,C00225,001,Wake,2026-06-11,CURRENT,575.68,O0000673
P0001292,C00225,001,Wake,2026-06-28,ARREARS,100.0,
P0001293,C00225,001,Wake,2026-07-02,CURRENT,632.23,O0000674
P0001294,C00225,001,Wake,2026-07-24,CURRENT,18.46,O0000674
P0001295,C00225,001,Wake,2026-08-19,CURRENT,200.39,O0000675
P0001296,C00225,001,Wake,2026-08-06,CURRENT,380.19,O0000675
P0001297,C00225,001,Wake,2026-08-23,CURRENT,3.14,O0000675
P0001298,C00226,002,Durham,2026-06-20,CURRENT,6.62,O0000676
P0001299,C00226,002,Durham,2026-06-21,CURRENT,346.16,O0000676
P0001300,C00226,002,Durham,2026-07-21,CURRENT,199.85,O0000677
P0001301,C00226,002,Durham,2026-07-13,CURRENT,141.96,O0000677
P0001302,C00226,002,Durham,2026-07-08,ARREARS,50.0,
P0001303,C00226,002,Durham,2026-08-24,CURRENT,256.14,O0000678
P0001304,C00226,002,Durham,2026-08-22,CURRENT,142.7,O0000678
P0001305,C00227,003,Orange,2026-06-22,CURRENT,427.36,O0000679
P0001306,C00227,003,Orange,2026-06-19,CURRENT,6.64,O0000679
P0001307,C00227,003,Orange,2026-07-08,CURRENT,164.29,O0000680
P0001308,C00227,003,Orange,2026-07-01,CURRENT,305.25,O0000680
P0001309,C00227,003,Orange,2026-08-27,CURRENT,76.64,O0000681
P0001310,C00227,003,Orange,2026-08-05,CURRENT,280.42,O0000681
P0001311,C00227,003,Orange,2026-08-11,CURRENT,74.18,O0000681
P0001312,C00228,004,Johnston,2026-06-26,CURRENT,366.58,O0000682
P0001313,C00228,004,Johnston,2026-07-10,CURRENT,371.7,O0000683
P0001314,C00228,004,Johnston,2026-08-07,CURRENT,41.33,O0000684
P0001315,C00228,004,Johnston,2026-08-13,CURRENT,390.27,O0000684
P0001316,C00229,005,Chatham,2026-06-24,CURRENT,444.69,O0000685
P0001317,C00229,005,Chatham,2026-06-14,ARREARS,150.0,
P0001318,C00229,005,Chatham,2026-07-16,CURRENT,510.43,O0000686
P0001319,C00229,005,Chatham,2026-08-21,CURRENT,178.11,O0000687
P0001320,C00229,005,Chatham,2026-08-10,CURRENT,289.44,O0000687
P0001321,C00230,006,Alamance,2026-06-22,CURRENT,459.22,O0000688
P0001322,C00230,006,Alamance,2026-07-15,CURRENT,79.22,O0000689
P0001323,C00230,006,Alamance,2026-07-13,CURRENT,393.26,O0000689
P0001324,C00230,006,Alamance,2026-08-07,CURRENT,425.07,O0000690
P0001325,C00230,006,Alamance,2026-08-15,ARREARS,75.0,
P0001326,C00231,007,Cumberland,2026-06-21,CURRENT,150.38,O0000691
P0001327,C00231,007,Cumberland,2026-06-15,CURRENT,171.75,O0000691
P0001328,C00231,007,Cumberland,2026-06-12,CURRENT,8.98,O0000691
P0001329,C00231,007,Cumberland,2026-07-24,CURRENT,298.0,O0000692
P0001330,C00231,007,Cumberland,2026-08-06,CURRENT,289.84,O0000693
P0001331,C00231,007,Cumberland,2026-08-13,CURRENT,19.98,O0000693
P0001332,C00232,008,Guilford,2026-06-04,CURRENT,342.04,O0000694
P0001333,C00232,008,Guilford,2026-06-08,CURRENT,9.11,O0000694
P0001334,C00232,008,Guilford,2026-06-28,CURRENT,102.45,O0000694
P0001335,C00232,008,Guilford,2026-07-25,CURRENT,525.9,O0000695
P0001336,C00232,008,Guilford,2026-08-21,CURRENT,490.67,O0000696
P0001337,C00233,001,Wake,2026-06-07,CURRENT,305.97,O0000697
P0001338,C00233,001,Wake,2026-06-03,CURRENT,65.19,O0000697
P0001339,C00233,001,Wake,2026-07-24,CURRENT,351.61,O0000698
P0001340,C00233,001,Wake,2026-07-16,ARREARS,50.0,
P0001341,C00233,001,Wake,2026-08-02,CURRENT,3.21,O0000699
P0001342,C00233,001,Wake,2026-08-23,CURRENT,328.06,O0000699
P0001343,C00233,001,Wake,2026-08-03,CURRENT,4.83,O0000699
P0001344,C00234,002,Durham,2026-06-09,CURRENT,86.82,O0000700
P0001345,C00234,002,Durham,2026-06-17,CURRENT,454.7,O0000700
P0001346,C00234,002,Durham,2026-07-21,CURRENT,291.09,O0000701
P0001347,C00234,002,Durham,2026-07-07,CURRENT,234.92,O0000701
P0001348,C00234,002,Durham,2026-08-27,CURRENT,496.13,O0000702
P0001349,C00235,003,Orange,2026-06-10,CURRENT,433.71,O0000703
P0001350,C00235,003,Orange,2026-07-27,CURRENT,438.43,O0000704
P0001351,C00235,003,Orange,2026-07-12,ARREARS,125.0,
P0001352,C00235,003,Orange,2026-08-09,CURRENT,152.86,O0000705
P0001353,C00235,003,Orange,2026-08-15,CURRENT,249.32,O0000705
P0001354,C00236,004,Johnston,2026-06-06,CURRENT,633.9,O0000706
P0001355,C00236,004,Johnston,2026-07-13,CURRENT,37.52,O0000707
P0001356,C00236,004,Johnston,2026-07-15,CURRENT,677.58,O0000707
P0001357,C00236,004,Johnston,2026-08-22,CURRENT,323.02,O0000708
P0001358,C00236,004,Johnston,2026-08-27,CURRENT,318.06,O0000708
P0001359,C00236,004,Johnston,2026-08-16,CURRENT,25.96,O0000708
P0001360,C00237,005,Chatham,2026-06-14,CURRENT,274.29,O0000709
P0001361,C00237,005,Chatham,2026-06-04,CURRENT,50.53,O0000709
P0001362,C00237,005,Chatham,2026-07-09,CURRENT,302.11,O0000710
P0001363,C00237,005,Chatham,2026-08-04,CURRENT,152.14,O0000711
P0001364,C00237,005,Chatham,2026-08-22,CURRENT,139.55,O0000711
P0001365,C00237,005,Chatham,2026-08-16,CURRENT,25.97,O0000711
P0001366,C00238,006,Alamance,2026-06-19,CURRENT,470.54,O0000712
P0001367,C00238,006,Alamance,2026-07-13,CURRENT,313.04,O0000713
P0001368,C00238,006,Alamance,2026-07-04,CURRENT,20.15,O0000713
P0001369,C00238,006,Alamance,2026-07-07,CURRENT,74.81,O0000713
P0001370,C00238,006,Alamance,2026-08-06,CURRENT,292.94,O0000714
P0001371,C00238,006,Alamance,2026-08-14,CURRENT,141.4,O0000714
P0001372,C00239,007,Cumberland,2026-06-28,CURRENT,516.64,O0000715
P0001373,C00239,007,Cumberland,2026-06-10,ARREARS,75.0,
P0001374,C00239,007,Cumberland,2026-07-02,CURRENT,431.45,O0000716
P0001375,C00239,007,Cumberland,2026-07-17,CURRENT,119.26,O0000716
P0001376,C00239,007,Cumberland,2026-08-09,CURRENT,522.86,O0000717
P0001377,C00240,008,Guilford,2026-06-11,CURRENT,559.29,O0000718
P0001378,C00240,008,Guilford,2026-07-06,CURRENT,534.42,O0000719
P0001379,C00240,008,Guilford,2026-08-28,CURRENT,420.02,O0000720
P0001380,C00240,008,Guilford,2026-08-12,CURRENT,134.13,O0000720
P0001381,C00241,001,Wake,2026-06-24,CURRENT,556.18,O0000721
P0001382,C00241,001,Wake,2026-07-12,CURRENT,224.14,O0000722
P0001383,C00241,001,Wake,2026-07-10,CURRENT,318.51,O0000722
P0001384,C00241,001,Wake,2026-08-18,CURRENT,487.49,O0000723
P0001385,C00242,002,Durham,2026-06-01,CURRENT,49.53,O0000724
P0001386,C00242,002,Durham,2026-06-24,CURRENT,376.99,O0000724
P0001387,C00242,002,Durham,2026-07-03,CURRENT,427.19,O0000725
P0001388,C00242,002,Durham,2026-07-18,CURRENT,58.42,O0000725
P0001389,C00242,002,Durham,2026-07-25,CURRENT,1.24,O0000725
P0001390,C00242,002,Durham,2026-07-23,ARREARS,75.0,
P0001391,C00242,002,Durham,2026-08-11,CURRENT,406.29,O0000726
P0001392,C00242,002,Durham,2026-08-17,CURRENT,83.27,O0000726
P0001393,C00243,003,Orange,2026-06-19,CURRENT,238.32,O0000727
P0001394,C00243,003,Orange,2026-06-24,CURRENT,31.97,O0000727
P0001395,C00243,003,Orange,2026-06-08,CURRENT,243.37,O0000727
P0001396,C00243,003,Orange,2026-07-22,CURRENT,56.13,O0000728
P0001397,C00243,003,Orange,2026-07-12,CURRENT,387.82,O0000728
P0001398,C00243,003,Orange,2026-08-27,CURRENT,248.98,O0000729
P0001399,C00243,003,Orange,2026-08-18,CURRENT,217.46,O0000729
P0001400,C00243,003,Orange,2026-08-05,ARREARS,125.0,
P0001401,C00244,004,Johnston,2026-06-14,CURRENT,332.15,O0000730
P0001402,C00244,004,Johnston,2026-06-14,CURRENT,250.97,O0000730
P0001403,C00244,004,Johnston,2026-06-13,ARREARS,100.0,
P0001404,C00244,004,Johnston,2026-07-01,CURRENT,7.78,O0000731
P0001405,C00244,004,Johnston,2026-07-06,CURRENT,605.43,O0000731
P0001406,C00244,004,Johnston,2026-07-18,ARREARS,125.0,
P0001407,C00244,004,Johnston,2026-08-03,CURRENT,313.54,O0000732
P0001408,C00244,004,Johnston,2026-08-18,CURRENT,258.56,O0000732
P0001409,C00245,005,Chatham,2026-06-02,CURRENT,246.52,O0000733
P0001410,C00245,005,Chatham,2026-07-28,CURRENT,65.13,O0000734
P0001411,C00245,005,Chatham,2026-07-26,CURRENT,183.57,O0000734
P0001412,C00245,005,Chatham,2026-07-20,ARREARS,150.0,
P0001413,C00245,005,Chatham,2026-08-04,CURRENT,81.76,O0000735
P0001414,C00245,005,Chatham,2026-08-05,CURRENT,159.85,O0000735
P0001415,C00245,005,Chatham,2026-08-26,ARREARS,125.0,
P0001416,C00246,006,Alamance,2026-06-17,CURRENT,405.98,O0000736
P0001417,C00246,006,Alamance,2026-06-06,ARREARS,50.0,
P0001418,C00246,006,Alamance,2026-07-12,CURRENT,379.09,O0000737
P0001419,C00246,006,Alamance,2026-08-25,CURRENT,294.82,O0000738
P0001420,C00246,006,Alamance,2026-08-23,CURRENT,117.26,O0000738
P0001421,C00246,006,Alamance,2026-08-09,ARREARS,100.0,
P0001422,C00247,007,Cumberland,2026-06-09,CURRENT,577.95,O0000739
P0001423,C00247,007,Cumberland,2026-06-20,ARREARS,150.0,
P0001424,C00247,007,Cumberland,2026-07-23,CURRENT,589.11,O0000740
P0001425,C00247,007,Cumberland,2026-08-13,CURRENT,590.66,O0000741
P0001426,C00248,008,Guilford,2026-06-18,CURRENT,412.75,O0000742
P0001427,C00248,008,Guilford,2026-07-02,CURRENT,197.66,O0000743
P0001428,C00248,008,Guilford,2026-07-15,CURRENT,298.61,O0000743
P0001429,C00248,008,Guilford,2026-07-11,ARREARS,75.0,
P0001430,C00248,008,Guilford,2026-08-18,CURRENT,146.56,O0000744
P0001431,C00248,008,Guilford,2026-08-24,CURRENT,329.68,O0000744
P0001432,C00249,001,Wake,2026-06-21,CURRENT,424.42,O0000745
P0001433,C00249,001,Wake,2026-07-13,CURRENT,95.8,O0000746
P0001434,C00249,001,Wake,2026-07-23,CURRENT,368.36,O0000746
P0001435,C00249,001,Wake,2026-08-09,CURRENT,426.84,O0000747
P0001436,C00250,002,Durham,2026-06-22,CURRENT,376.51,O0000748
P0001437,C00250,002,Durham,2026-06-04,CURRENT,88.08,O0000748
P0001438,C00250,002,Durham,2026-07-10,CURRENT,238.9,O0000749
P0001439,C00250,002,Durham,2026-07-27,CURRENT,230.83,O0000749
P0001440,C00250,002,Durham,2026-08-26,CURRENT,305.74,O0000750
P0001441,C00250,002,Durham,2026-08-18,CURRENT,213.27,O0000750
P0001442,C00251,003,Orange,2026-06-06,CURRENT,60.85,O0000751
P0001443,C00251,003,Orange,2026-06-11,CURRENT,26.59,O0000751
P0001444,C00251,003,Orange,2026-06-22,CURRENT,201.59,O0000751
P0001445,C00251,003,Orange,2026-07-11,CURRENT,292.47,O0000752
P0001446,C00251,003,Orange,2026-07-04,CURRENT,2.29,O0000752
P0001447,C00251,003,Orange,2026-08-10,CURRENT,73.86,O0000753
P0001448,C00251,003,Orange,2026-08-18,CURRENT,201.93,O0000753
P0001449,C00252,004,Johnston,2026-06-18,CURRENT,348.64,O0000754
P0001450,C00252,004,Johnston,2026-07-19,CURRENT,171.72,O0000755
P0001451,C00252,004,Johnston,2026-07-20,CURRENT,90.82,O0000755
P0001452,C00252,004,Johnston,2026-07-01,CURRENT,105.72,O0000755
P0001453,C00252,004,Johnston,2026-08-23,CURRENT,356.72,O0000756
P0001454,C00253,005,Chatham,2026-06-17,CURRENT,282.18,O0000757
P0001455,C00253,005,Chatham,2026-06-25,CURRENT,161.83,O0000757
P0001456,C00253,005,Chatham,2026-06-02,CURRENT,42.23,O0000757
P0001457,C00253,005,Chatham,2026-07-23,CURRENT,146.2,O0000758
P0001458,C00253,005,Chatham,2026-07-27,CURRENT,158.76,O0000758
P0001459,C00253,005,Chatham,2026-07-22,CURRENT,105.67,O0000758
P0001460,C00253,005,Chatham,2026-08-26,CURRENT,469.23,O0000759
P0001461,C00254,006,Alamance,2026-06-27,CURRENT,477.73,O0000760
P0001462,C00254,006,Alamance,2026-06-26,CURRENT,80.26,O0000760
P0001463,C00254,006,Alamance,2026-07-04,CURRENT,10.32,O0000761
P0001464,C00254,006,Alamance,2026-07-24,CURRENT,573.09,O0000761
P0001465,C00254,006,Alamance,2026-08-04,CURRENT,370.85,O0000762
P0001466,C00254,006,Alamance,2026-08-24,CURRENT,218.7,O0000762
P0001467,C00255,007,Cumberland,2026-06-03,CURRENT,303.71,O0000763
P0001468,C00255,007,Cumberland,2026-07-25,CURRENT,130.86,O0000764
P0001469,C00255,007,Cumberland,2026-07-16,CURRENT,72.05,O0000764
P0001470,C00255,007,Cumberland,2026-07-12,CURRENT,118.96,O0000764
P0001471,C00255,007,Cumberland,2026-07-21,ARREARS,125.0,
P0001472,C00255,007,Cumberland,2026-08-07,CURRENT,237.56,O0000765
P0001473,C00255,007,Cumberland,2026-08-10,CURRENT,81.56,O0000765
P0001474,C00256,008,Guilford,2026-06-25,CURRENT,42.7,O0000766
P0001475,C00256,008,Guilford,2026-06-01,CURRENT,282.36,O0000766
P0001476,C00256,008,Guilford,2026-06-20,CURRENT,33.26,O0000766
P0001477,C00256,008,Guilford,2026-07-22,CURRENT,389.09,O0000767
P0001478,C00256,008,Guilford,2026-08-27,CURRENT,60.44,O0000768
P0001479,C00256,008,Guilford,2026-08-10,CURRENT,186.92,O0000768
P0001480,C00256,008,Guilford,2026-08-19,CURRENT,105.77,O0000768
P0001481,C00257,001,Wake,2026-06-23,CURRENT,235.68,O0000769
P0001482,C00257,001,Wake,2026-06-12,CURRENT,6.64,O0000769
P0001483,C00257,001,Wake,2026-06-02,CURRENT,45.51,O0000769
P0001484,C00257,001,Wake,2026-07-19,CURRENT,290.65,O0000770
P0001485,C00257,001,Wake,2026-08-04,CURRENT,45.68,O0000771
P0001486,C00257,001,Wake,2026-08-13,CURRENT,152.64,O0000771
P0001487,C00257,001,Wake,2026-08-07,CURRENT,115.27,O0000771
P0001488,C00258,002,Durham,2026-06-05,CURRENT,553.76,O0000772
P0001489,C00258,002,Durham,2026-07-14,CURRENT,493.16,O0000773
P0001490,C00258,002,Durham,2026-07-13,CURRENT,78.76,O0000773
P0001491,C00258,002,Durham,2026-08-13,CURRENT,291.9,O0000774
P0001492,C00258,002,Durham,2026-08-15,CURRENT,273.18,O0000774
P0001493,C00259,003,Orange,2026-06-01,CURRENT,331.04,O0000775
P0001494,C00259,003,Orange,2026-06-26,ARREARS,75.0,
P0001495,C00259,003,Orange,2026-07-18,CURRENT,328.92,O0000776
P0001496,C00259,003,Orange,2026-07-24,ARREARS,100.0,
P0001497,C00259,003,Orange,2026-08-22,CURRENT,382.05,O0000777
P0001498,C00260,004,Johnston,2026-06-15,CURRENT,218.99,O0000778
P0001499,C00260,004,Johnston,2026-06-24,CURRENT,223.77,O0000778
P0001500,C00260,004,Johnston,2026-07-24,CURRENT,247.53,O0000779
P0001501,C00260,004,Johnston,2026-07-23,CURRENT,215.36,O0000779
P0001502,C00260,004,Johnston,2026-08-19,CURRENT,458.71,O0000780
P0001503,C00261,005,Chatham,2026-06-02,CURRENT,401.31,O0000781
P0001504,C00261,005,Chatham,2026-06-02,CURRENT,78.23,O0000781
P0001505,C00261,005,Chatham,2026-07-23,CURRENT,517.89,O0000782
P0001506,C00261,005,Chatham,2026-07-09,ARREARS,125.0,
P0001507,C00261,005,Chatham,2026-08-11,CURRENT,263.34,O0000783
P0001508,C00261,005,Chatham,2026-08-22,CURRENT,220.48,O0000783
P0001509,C00261,005,Chatham,2026-08-17,CURRENT,31.37,O0000783
P0001510,C00262,006,Alamance,2026-06-01,CURRENT,95.03,O0000784
P0001511,C00262,006,Alamance,2026-06-19,CURRENT,118.42,O0000784
P0001512,C00262,006,Alamance,2026-06-06,CURRENT,247.47,O0000784
P0001513,C00262,006,Alamance,2026-06-13,ARREARS,150.0,
P0001514,C00262,006,Alamance,2026-07-20,CURRENT,430.86,O0000785
P0001515,C00262,006,Alamance,2026-07-09,CURRENT,50.13,O0000785
P0001516,C00262,006,Alamance,2026-07-02,ARREARS,100.0,
P0001517,C00262,006,Alamance,2026-08-07,CURRENT,525.05,O0000786
P0001518,C00263,007,Cumberland,2026-06-26,CURRENT,155.29,O0000787
P0001519,C00263,007,Cumberland,2026-06-04,CURRENT,362.3,O0000787
P0001520,C00263,007,Cumberland,2026-07-05,CURRENT,553.93,O0000788
P0001521,C00263,007,Cumberland,2026-08-06,CURRENT,309.99,O0000789
P0001522,C00263,007,Cumberland,2026-08-24,CURRENT,202.6,O0000789
P0001523,C00264,008,Guilford,2026-06-18,CURRENT,474.56,O0000790
P0001524,C00264,008,Guilford,2026-07-26,CURRENT,292.83,O0000791
P0001525,C00264,008,Guilford,2026-07-21,CURRENT,142.12,O0000791
P0001526,C00264,008,Guilford,2026-07-21,CURRENT,101.53,O0000791
P0001527,C00264,008,Guilford,2026-08-07,CURRENT,15.2,O0000792
P0001528,C00264,008,Guilford,2026-08-03,CURRENT,496.08,O0000792
P0001529,C00265,001,Wake,2026-06-13,CURRENT,310.59,O0000793
P0001530,C00265,001,Wake,2026-07-28,CURRENT,308.06,O0000794
P0001531,C00265,001,Wake,2026-08-25,CURRENT,112.41,O0000795
P0001532,C00265,001,Wake,2026-08-28,CURRENT,180.44,O0000795
P0001533,C00266,002,Durham,2026-06-02,CURRENT,272.28,O0000796
P0001534,C00266,002,Durham,2026-06-15,CURRENT,53.06,O0000796
P0001535,C00266,002,Durham,2026-06-10,CURRENT,281.7,O0000796
P0001536,C00266,002,Durham,2026-07-01,CURRENT,327.69,O0000797
P0001537,C00266,002,Durham,2026-07-11,CURRENT,261.14,O0000797
P0001538,C00266,002,Durham,2026-08-26,CURRENT,401.19,O0000798
P0001539,C00266,002,Durham,2026-08-12,CURRENT,174.09,O0000798
P0001540,C00267,003,Orange,2026-06-11,CURRENT,194.73,O0000799
P0001541,C00267,003,Orange,2026-06-01,CURRENT,208.99,O0000799
P0001542,C00267,003,Orange,2026-07-26,CURRENT,320.27,O0000800
P0001543,C00267,003,Orange,2026-07-24,CURRENT,4.72,O0000800
P0001544,C00267,003,Orange,2026-07-09,CURRENT,129.71,O0000800
P0001545,C00267,003,Orange,2026-08-03,CURRENT,472.39,O0000801
P0001546,C00268,004,Johnston,2026-06-17,CURRENT,607.16,O0000802
P0001547,C00268,004,Johnston,2026-07-05,CURRENT,166.22,O0000803
P0001548,C00268,004,Johnston,2026-07-04,CURRENT,421.08,O0000803
P0001549,C00268,004,Johnston,2026-08-22,CURRENT,626.5,O0000804
P0001550,C00269,005,Chatham,2026-06-26,CURRENT,36.38,O0000805
P0001551,C00269,005,Chatham,2026-06-25,CURRENT,238.98,O0000805
P0001552,C00269,005,Chatham,2026-06-04,ARREARS,50.0,
P0001553,C00269,005,Chatham,2026-07-23,CURRENT,242.4,O0000806
P0001554,C00269,005,Chatham,2026-07-17,CURRENT,57.75,O0000806
P0001555,C00269,005,Chatham,2026-08-20,CURRENT,321.6,O0000807
P0001556,C00270,006,Alamance,2026-06-13,CURRENT,286.67,O0000808
P0001557,C00270,006,Alamance,2026-06-27,CURRENT,4.65,O0000808
P0001558,C00270,006,Alamance,2026-06-24,CURRENT,86.85,O0000808
P0001559,C00270,006,Alamance,2026-07-22,CURRENT,392.65,O0000809
P0001560,C00270,006,Alamance,2026-07-25,ARREARS,75.0,
P0001561,C00270,006,Alamance,2026-08-04,CURRENT,152.89,O0000810
P0001562,C00270,006,Alamance,2026-08-27,CURRENT,247.74,O0000810
P0001563,C00271,007,Cumberland,2026-06-14,CURRENT,363.45,O0000811
P0001564,C00271,007,Cumberland,2026-07-11,CURRENT,382.24,O0000812
P0001565,C00271,007,Cumberland,2026-07-28,ARREARS,50.0,
P0001566,C00271,007,Cumberland,2026-08-14,CURRENT,238.12,O0000813
P0001567,C00271,007,Cumberland,2026-08-13,CURRENT,93.02,O0000813
P0001568,C00272,008,Guilford,2026-06-14,CURRENT,247.34,O0000814
P0001569,C00272,008,Guilford,2026-06-02,CURRENT,159.65,O0000814
P0001570,C00272,008,Guilford,2026-06-18,ARREARS,50.0,
P0001571,C00272,008,Guilford,2026-07-22,CURRENT,360.11,O0000815
P0001572,C00272,008,Guilford,2026-07-15,CURRENT,37.87,O0000815
P0001573,C00272,008,Guilford,2026-08-11,CURRENT,384.96,O0000816
P0001574,C00273,001,Wake,2026-06-23,CURRENT,417.42,O0000817
P0001575,C00273,001,Wake,2026-06-05,CURRENT,225.43,O0000817
P0001576,C00273,001,Wake,2026-07-05,CURRENT,181.36,O0000818
P0001577,C00273,001,Wake,2026-07-04,CURRENT,470.67,O0000818
P0001578,C00273,001,Wake,2026-08-18,CURRENT,299.46,O0000819
P0001579,C00273,001,Wake,2026-08-13,CURRENT,305.81,O0000819
P0001580,C00273,001,Wake,2026-08-11,CURRENT,4.07,O0000819
P0001581,C00274,002,Durham,2026-06-11,CURRENT,101.88,O0000820
P0001582,C00274,002,Durham,2026-06-10,CURRENT,454.57,O0000820
P0001583,C00274,002,Durham,2026-07-20,CURRENT,598.97,O0000821
P0001584,C00274,002,Durham,2026-08-08,CURRENT,531.81,O0000822
P0001585,C00275,003,Orange,2026-06-02,CURRENT,383.06,O0000823
P0001586,C00275,003,Orange,2026-07-26,CURRENT,383.48,O0000824
P0001587,C00275,003,Orange,2026-08-22,CURRENT,433.49,O0000825
P0001588,C00276,004,Johnston,2026-06-07,CURRENT,310.43,O0000826
P0001589,C00276,004,Johnston,2026-06-21,CURRENT,138.22,O0000826
P0001590,C00276,004,Johnston,2026-07-26,CURRENT,199.76,O0000827
P0001591,C00276,004,Johnston,2026-07-16,CURRENT,275.75,O0000827
P0001592,C00276,004,Johnston,2026-08-09,CURRENT,122.73,O0000828
P0001593,C00276,004,Johnston,2026-08-10,CURRENT,328.82,O0000828
P0001594,C00277,005,Chatham,2026-06-16,CURRENT,521.53,O0000829
P0001595,C00277,005,Chatham,2026-07-16,CURRENT,61.3,O0000830
P0001596,C00277,005,Chatham,2026-07-10,CURRENT,278.31,O0000830
P0001597,C00277,005,Chatham,2026-07-19,CURRENT,144.38,O0000830
P0001598,C00277,005,Chatham,2026-08-19,CURRENT,448.72,O0000831
P0001599,C00278,006,Alamance,2026-06-12,CURRENT,199.05,O0000832
P0001600,C00278,006,Alamance,2026-06-25,CURRENT,83.62,O0000832
P0001601,C00278,006,Alamance,2026-07-02,CURRENT,135.79,O0000833
P0001602,C00278,006,Alamance,2026-07-06,CURRENT,140.4,O0000833
P0001603,C00278,006,Alamance,2026-08-03,CURRENT,35.91,O0000834
P0001604,C00278,006,Alamance,2026-08-05,CURRENT,170.11,O0000834
P0001605,C00278,006,Alamance,2026-08-20,CURRENT,97.05,O0000834
P0001606,C00279,007,Cumberland,2026-06-06,CURRENT,317.67,O0000835
P0001607,C00279,007,Cumberland,2026-06-10,CURRENT,136.52,O0000835
P0001608,C00279,007,Cumberland,2026-07-02,CURRENT,193.86,O0000836
P0001609,C00279,007,Cumberland,2026-07-08,CURRENT,262.31,O0000836
P0001610,C00279,007,Cumberland,2026-08-13,CURRENT,113.13,O0000837
P0001611,C00279,007,Cumberland,2026-08-03,CURRENT,213.79,O0000837
P0001612,C00279,007,Cumberland,2026-08-20,CURRENT,163.07,O0000837
P0001613,C00279,007,Cumberland,2026-08-04,ARREARS,150.0,
P0001614,C00280,008,Guilford,2026-06-15,CURRENT,44.89,O0000838
P0001615,C00280,008,Guilford,2026-06-21,CURRENT,518.06,O0000838
P0001616,C00280,008,Guilford,2026-07-26,CURRENT,572.33,O0000839
P0001617,C00280,008,Guilford,2026-07-23,CURRENT,21.94,O0000839
P0001618,C00280,008,Guilford,2026-08-25,CURRENT,62.03,O0000840
P0001619,C00280,008,Guilford,2026-08-18,CURRENT,611.43,O0000840
P0001620,C00280,008,Guilford,2026-08-26,ARREARS,75.0,
P0001621,C00281,001,Wake,2026-06-23,CURRENT,185.4,O0000841
P0001622,C00281,001,Wake,2026-06-09,CURRENT,148.67,O0000841
P0001623,C00281,001,Wake,2026-06-18,ARREARS,50.0,
P0001624,C00281,001,Wake,2026-07-17,CURRENT,132.1,O0000842
P0001625,C00281,001,Wake,2026-07-28,CURRENT,187.28,O0000842
P0001626,C00281,001,Wake,2026-08-13,CURRENT,135.01,O0000843
P0001627,C00281,001,Wake,2026-08-02,CURRENT,211.25,O0000843
P0001628,C00282,002,Durham,2026-06-07,CURRENT,10.38,O0000844
P0001629,C00282,002,Durham,2026-06-12,CURRENT,331.64,O0000844
P0001630,C00282,002,Durham,2026-06-26,ARREARS,150.0,
P0001631,C00282,002,Durham,2026-07-22,CURRENT,52.29,O0000845
P0001632,C00282,002,Durham,2026-07-23,CURRENT,298.97,O0000845
P0001633,C00282,002,Durham,2026-08-14,CURRENT,239.77,O0000846
P0001634,C00282,002,Durham,2026-08-15,CURRENT,93.89,O0000846
P0001635,C00282,002,Durham,2026-08-15,ARREARS,100.0,
P0001636,C00283,003,Orange,2026-06-21,CURRENT,485.39,O0000847
P0001637,C00283,003,Orange,2026-06-17,CURRENT,27.03,O0000847
P0001638,C00283,003,Orange,2026-06-04,ARREARS,150.0,
P0001639,C00283,003,Orange,2026-07-15,CURRENT,567.25,O0000848
P0001640,C00283,003,Orange,2026-08-17,CURRENT,403.08,O0000849
P0001641,C00283,003,Orange,2026-08-04,CURRENT,96.14,O0000849
P0001642,C00284,004,Johnston,2026-06-08,CURRENT,112.28,O0000850
P0001643,C00284,004,Johnston,2026-06-25,CURRENT,12.48,O0000850
P0001644,C00284,004,Johnston,2026-06-05,CURRENT,227.62,O0000850
P0001645,C00284,004,Johnston,2026-07-08,CURRENT,269.68,O0000851
P0001646,C00284,004,Johnston,2026-07-18,CURRENT,102.62,O0000851
P0001647,C00284,004,Johnston,2026-08-27,CURRENT,369.24,O0000852
P0001648,C00285,005,Chatham,2026-06-06,CURRENT,205.55,O0000853
P0001649,C00285,005,Chatham,2026-06-07,CURRENT,266.19,O0000853
P0001650,C00285,005,Chatham,2026-07-20,CURRENT,355.92,O0000854
P0001651,C00285,005,Chatham,2026-07-25,CURRENT,76.22,O0000854
P0001652,C00285,005,Chatham,2026-08-19,CURRENT,503.31,O0000855
P0001653,C00286,006,Alamance,2026-06-10,CURRENT,340.18,O0000856
P0001654,C00286,006,Alamance,2026-06-09,CURRENT,118.0,O0000856
P0001655,C00286,006,Alamance,2026-07-06,CURRENT,467.13,O0000857
P0001656,C00286,006,Alamance,2026-08-10,CURRENT,511.51,O0000858
P0001657,C00287,007,Cumberland,2026-06-01,CURRENT,111.48,O0000859
P0001658,C00287,007,Cumberland,2026-06-11,CURRENT,97.79,O0000859
P0001659,C00287,007,Cumberland,2026-06-08,CURRENT,232.36,O0000859
P0001660,C00287,007,Cumberland,2026-06-27,ARREARS,50.0,
P0001661,C00287,007,Cumberland,2026-07-12,CURRENT,123.37,O0000860
P0001662,C00287,007,Cumberland,2026-07-25,CURRENT,332.51,O0000860
P0001663,C00287,007,Cumberland,2026-08-03,CURRENT,508.08,O0000861
P0001664,C00288,008,Guilford,2026-06-20,CURRENT,551.93,O0000862
P0001665,C00288,008,Guilford,2026-07-06,CURRENT,616.03,O0000863
P0001666,C00288,008,Guilford,2026-08-13,CURRENT,535.28,O0000864
P0001667,C00289,001,Wake,2026-06-18,CURRENT,387.81,O0000865
P0001668,C00289,001,Wake,2026-07-21,CURRENT,342.85,O0000866
P0001669,C00289,001,Wake,2026-07-12,CURRENT,13.12,O0000866
P0001670,C00289,001,Wake,2026-07-20,CURRENT,31.78,O0000866
P0001671,C00289,001,Wake,2026-07-09,ARREARS,50.0,
P0001672,C00289,001,Wake,2026-08-21,CURRENT,95.78,O0000867
P0001673,C00289,001,Wake,2026-08-15,CURRENT,305.22,O0000867
P0001674,C00289,001,Wake,2026-08-21,CURRENT,10.26,O0000867
P0001675,C00289,001,Wake,2026-08-04,ARREARS,75.0,
P0001676,C00290,002,Durham,2026-06-11,CURRENT,586.55,O0000868
P0001677,C00290,002,Durham,2026-07-18,CURRENT,537.73,O0000869
P0001678,C00290,002,Durham,2026-08-12,CURRENT,236.65,O0000870
P0001679,C00290,002,Durham,2026-08-11,CURRENT,301.27,O0000870
P0001680,C00290,002,Durham,2026-08-06,ARREARS,100.0,
P0001681,C00291,003,Orange,2026-06-22,CURRENT,78.38,O0000871
P0001682,C00291,003,Orange,2026-06-19,CURRENT,213.99,O0000871
P0001683,C00291,003,Orange,2026-07-06,CURRENT,300.18,O0000872
P0001684,C00291,003,Orange,2026-07-23,CURRENT,17.16,O0000872
P0001685,C00291,003,Orange,2026-08-23,CURRENT,312.11,O0000873
P0001686,C00292,004,Johnston,2026-06-15,CURRENT,191.32,O0000874
P0001687,C00292,004,Johnston,2026-06-28,CURRENT,171.72,O0000874
P0001688,C00292,004,Johnston,2026-06-07,ARREARS,75.0,
P0001689,C00292,004,Johnston,2026-07-12,CURRENT,162.52,O0000875
P0001690,C00292,004,Johnston,2026-07-22,CURRENT,237.53,O0000875
P0001691,C00292,004,Johnston,2026-07-07,ARREARS,100.0,
P0001692,C00292,004,Johnston,2026-08-03,CURRENT,392.21,O0000876
P0001693,C00292,004,Johnston,2026-08-15,ARREARS,75.0,
P0001694,C00293,005,Chatham,2026-06-05,CURRENT,375.32,O0000877
P0001695,C00293,005,Chatham,2026-06-08,ARREARS,50.0,
P0001696,C00293,005,Chatham,2026-07-17,CURRENT,191.57,O0000878
P0001697,C00293,005,Chatham,2026-07-27,CURRENT,130.85,O0000878
P0001698,C00293,005,Chatham,2026-07-26,CURRENT,40.35,O0000878
P0001699,C00293,005,Chatham,2026-08-20,CURRENT,366.61,O0000879
P0001700,C00294,006,Alamance,2026-06-17,CURRENT,366.97,O0000880
P0001701,C00294,006,Alamance,2026-07-20,CURRENT,60.31,O0000881
P0001702,C00294,006,Alamance,2026-07-19,CURRENT,150.65,O0000881
P0001703,C00294,006,Alamance,2026-07-01,CURRENT,129.61,O0000881
P0001704,C00294,006,Alamance,2026-08-02,CURRENT,356.37,O0000882
P0001705,C00295,007,Cumberland,2026-06-08,CURRENT,394.2,O0000883
P0001706,C00295,007,Cumberland,2026-07-10,CURRENT,373.17,O0000884
P0001707,C00295,007,Cumberland,2026-07-08,CURRENT,15.95,O0000884
P0001708,C00295,007,Cumberland,2026-08-14,CURRENT,288.43,O0000885
P0001709,C00295,007,Cumberland,2026-08-07,CURRENT,75.58,O0000885
P0001710,C00296,008,Guilford,2026-06-09,CURRENT,28.59,O0000886
P0001711,C00296,008,Guilford,2026-06-20,CURRENT,211.29,O0000886
P0001712,C00296,008,Guilford,2026-06-13,CURRENT,160.28,O0000886
P0001713,C00296,008,Guilford,2026-06-18,ARREARS,75.0,
P0001714,C00296,008,Guilford,2026-07-24,CURRENT,355.58,O0000887
P0001715,C00296,008,Guilford,2026-08-28,CURRENT,339.95,O0000888
P0001716,C00297,001,Wake,2026-06-02,CURRENT,389.35,O0000889
P0001717,C00297,001,Wake,2026-07-28,CURRENT,183.13,O0000890
P0001718,C00297,001,Wake,2026-07-17,CURRENT,203.28,O0000890
P0001719,C00297,001,Wake,2026-08-15,CURRENT,134.89,O0000891
P0001720,C00297,001,Wake,2026-08-23,CURRENT,263.89,O0000891
P0001721,C00298,002,Durham,2026-06-27,CURRENT,394.83,O0000892
P0001722,C00298,002,Durham,2026-06-08,CURRENT,11.33,O0000892
P0001723,C00298,002,Durham,2026-07-11,CURRENT,422.01,O0000893
P0001724,C00298,002,Durham,2026-08-14,CURRENT,307.16,O0000894
P0001725,C00298,002,Durham,2026-08-04,CURRENT,105.61,O0000894
P0001726,C00299,003,Orange,2026-06-05,CURRENT,92.33,O0000895
P0001727,C00299,003,Orange,2026-06-19,CURRENT,245.2,O0000895
P0001728,C00299,003,Orange,2026-07-14,CURRENT,39.41,O0000896
P0001729,C00299,003,Orange,2026-07-10,CURRENT,314.48,O0000896
P0001730,C00299,003,Orange,2026-08-22,CURRENT,23.32,O0000897
P0001731,C00299,003,Orange,2026-08-09,CURRENT,338.87,O0000897
P0001732,C00300,004,Johnston,2026-06-18,CURRENT,47.41,O0000898
P0001733,C00300,004,Johnston,2026-06-22,CURRENT,105.96,O0000898
P0001734,C00300,004,Johnston,2026-06-11,CURRENT,180.68,O0000898
P0001735,C00300,004,Johnston,2026-06-02,ARREARS,100.0,
P0001736,C00300,004,Johnston,2026-07-28,CURRENT,302.13,O0000899
P0001737,C00300,004,Johnston,2026-07-02,CURRENT,34.07,O0000899
P0001738,C00300,004,Johnston,2026-07-03,ARREARS,50.0,
P0001739,C00300,004,Johnston,2026-08-19,CURRENT,327.7,O0000900
P0001740,C00301,005,Chatham,2026-06-16,CURRENT,420.2,O0000901
P0001741,C00301,005,Chatham,2026-07-22,CURRENT,17.49,O0000902
P0001742,C00301,005,Chatham,2026-07-13,CURRENT,395.19,O0000902
P0001743,C00301,005,Chatham,2026-07-22,CURRENT,62.54,O0000902
P0001744,C00301,005,Chatham,2026-08-26,CURRENT,353.93,O0000903
P0001745,C00301,005,Chatham,2026-08-23,CURRENT,130.11,O0000903
P0001746,C00302,006,Alamance,2026-06-18,CURRENT,455.4,O0000904
P0001747,C00302,006,Alamance,2026-06-22,CURRENT,115.88,O0000904
P0001748,C00302,006,Alamance,2026-07-08,CURRENT,107.16,O0000905
P0001749,C00302,006,Alamance,2026-07-24,CURRENT,118.14,O0000905
P0001750,C00302,006,Alamance,2026-07-15,CURRENT,341.76,O0000905
P0001751,C00302,006,Alamance,2026-07-02,ARREARS,100.0,
P0001752,C00302,006,Alamance,2026-08-21,CURRENT,91.78,O0000906
P0001753,C00302,006,Alamance,2026-08-22,CURRENT,397.79,O0000906
P0001754,C00302,006,Alamance,2026-08-18,CURRENT,44.68,O0000906
P0001755,C00303,007,Cumberland,2026-06-17,CURRENT,577.26,O0000907
P0001756,C00303,007,Cumberland,2026-06-13,ARREARS,100.0,
P0001757,C00303,007,Cumberland,2026-07-07,CURRENT,554.47,O0000908
P0001758,C00303,007,Cumberland,2026-08-28,CURRENT,513.75,O0000909
P0001759,C00304,008,Guilford,2026-06-15,CURRENT,451.51,O0000910
P0001760,C00304,008,Guilford,2026-07-03,CURRENT,472.41,O0000911
P0001761,C00304,008,Guilford,2026-08-05,CURRENT,331.46,O0000912
P0001762,C00304,008,Guilford,2026-08-17,CURRENT,114.85,O0000912
P0001763,C00305,001,Wake,2026-06-21,CURRENT,152.44,O0000913
P0001764,C00305,001,Wake,2026-06-01,CURRENT,167.89,O0000913
P0001765,C00305,001,Wake,2026-06-01,CURRENT,142.04,O0000913
P0001766,C00305,001,Wake,2026-07-01,CURRENT,184.45,O0000914
P0001767,C00305,001,Wake,2026-07-07,CURRENT,81.2,O0000914
P0001768,C00305,001,Wake,2026-07-17,CURRENT,161.21,O0000914
P0001769,C00305,001,Wake,2026-08-03,CURRENT,221.83,O0000915
P0001770,C00305,001,Wake,2026-08-16,CURRENT,204.64,O0000915
P0001771,C00305,001,Wake,2026-08-26,CURRENT,11.88,O0000915
P0001772,C00306,002,Durham,2026-06-23,CURRENT,293.62,O0000916
P0001773,C00306,002,Durham,2026-06-17,ARREARS,50.0,
P0001774,C00306,002,Durham,2026-07-26,CURRENT,279.63,O0000917
P0001775,C00306,002,Durham,2026-07-23,ARREARS,125.0,
P0001776,C00306,002,Durham,2026-08-01,CURRENT,30.79,O0000918
P0001777,C00306,002,Durham,2026-08-20,CURRENT,229.96,O0000918
P0001778,C00307,003,Orange,2026-06-10,CURRENT,108.66,O0000919
P0001779,C00307,003,Orange,2026-06-24,CURRENT,143.17,O0000919
P0001780,C00307,003,Orange,2026-06-01,ARREARS,75.0,
P0001781,C00307,003,Orange,2026-07-01,CURRENT,265.68,O0000920
P0001782,C00307,003,Orange,2026-08-05,CURRENT,302.14,O0000921
P0001783,C00308,004,Johnston,2026-06-16,CURRENT,326.3,O0000922
P0001784,C00308,004,Johnston,2026-06-15,CURRENT,201.98,O0000922
P0001785,C00308,004,Johnston,2026-07-26,CURRENT,603.16,O0000923
P0001786,C00308,004,Johnston,2026-07-10,ARREARS,150.0,
P0001787,C00308,004,Johnston,2026-08-20,CURRENT,134.79,O0000924
P0001788,C00308,004,Johnston,2026-08-04,CURRENT,35.56,O0000924
P0001789,C00308,004,Johnston,2026-08-15,CURRENT,378.1,O0000924
P0001790,C00309,005,Chatham,2026-06-05,CURRENT,168.55,O0000925
P0001791,C00309,005,Chatham,2026-06-01,CURRENT,261.69,O0000925
P0001792,C00309,005,Chatham,2026-07-28,CURRENT,49.7,O0000926
P0001793,C00309,005,Chatham,2026-07-01,CURRENT,402.96,O0000926
P0001794,C00309,005,Chatham,2026-08-16,CURRENT,75.27,O0000927
P0001795,C00309,005,Chatham,2026-08-26,CURRENT,347.85,O0000927
P0001796,C00310,006,Alamance,2026-06-01,CURRENT,539.95,O0000928
P0001797,C00310,006,Alamance,2026-07-26,CURRENT,78.93,O0000929
P0001798,C00310,006,Alamance,2026-07-24,CURRENT,423.9,O0000929
P0001799,C00310,006,Alamance,2026-08-02,CURRENT,519.57,O0000930
P0001800,C00311,007,Cumberland,2026-06-03,CURRENT,317.43,O0000931
P0001801,C00311,007,Cumberland,2026-07-08,CURRENT,192.1,O0000932
P0001802,C00311,007,Cumberland,2026-07-21,CURRENT,140.14,O0000932
P0001803,C00311,007,Cumberland,2026-07-01,ARREARS,125.0,
P0001804,C00311,007,Cumberland,2026-08-02,CURRENT,98.1,O0000933
P0001805,C00311,007,Cumberland,2026-08-07,CURRENT,190.98,O0000933
P0001806,C00311,007,Cumberland,2026-08-08,CURRENT,14.15,O0000933
P0001807,C00312,008,Guilford,2026-06-24,CURRENT,296.84,O0000934
P0001808,C00312,008,Guilford,2026-07-24,CURRENT,107.18,O0000935
P0001809,C00312,008,Guilford,2026-07-16,CURRENT,162.42,O0000935
P0001810,C00312,008,Guilford,2026-08-02,CURRENT,109.12,O0000936
P0001811,C00312,008,Guilford,2026-08-05,CURRENT,128.65,O0000936
P0001812,C00312,008,Guilford,2026-08-23,CURRENT,61.65,O0000936
P0001813,C00313,001,Wake,2026-06-10,CURRENT,544.3,O0000937
P0001814,C00313,001,Wake,2026-07-28,CURRENT,418.38,O0000938
P0001815,C00313,001,Wake,2026-07-21,CURRENT,77.66,O0000938
P0001816,C00313,001,Wake,2026-08-22,CURRENT,514.9,O0000939
P0001817,C00314,002,Durham,2026-06-13,CURRENT,482.3,O0000940
P0001818,C00314,002,Durham,2026-07-10,CURRENT,252.37,O0000941
P0001819,C00314,002,Durham,2026-07-09,CURRENT,43.18,O0000941
P0001820,C00314,002,Durham,2026-07-18,CURRENT,172.57,O0000941
P0001821,C00314,002,Durham,2026-08-23,CURRENT,430.87,O0000942
P0001822,C00315,003,Orange,2026-06-18,CURRENT,540.71,O0000943
P0001823,C00315,003,Orange,2026-06-15,CURRENT,36.88,O0000943
P0001824,C00315,003,Orange,2026-07-11,CURRENT,97.19,O0000944
P0001825,C00315,003,Orange,2026-07-16,CURRENT,535.94,O0000944
P0001826,C00315,003,Orange,2026-08-14,CURRENT,2.26,O0000945
P0001827,C00315,003,Orange,2026-08-07,CURRENT,345.56,O0000945
P0001828,C00315,003,Orange,2026-08-24,CURRENT,203.62,O0000945
P0001829,C00316,004,Johnston,2026-06-02,CURRENT,29.59,O0000946
P0001830,C00316,004,Johnston,2026-06-08,CURRENT,297.21,O0000946
P0001831,C00316,004,Johnston,2026-07-01,CURRENT,108.6,O0000947
P0001832,C00316,004,Johnston,2026-07-10,CURRENT,211.33,O0000947
P0001833,C00316,004,Johnston,2026-08-26,CURRENT,301.91,O0000948
P0001834,C00317,005,Chatham,2026-06-08,CURRENT,582.22,O0000949
P0001835,C00317,005,Chatham,2026-07-08,CURRENT,21.67,O0000950
P0001836,C00317,005,Chatham,2026-07-10,CURRENT,454.33,O0000950
P0001837,C00317,005,Chatham,2026-08-07,CURRENT,520.43,O0000951
P0001838,C00318,006,Alamance,2026-06-24,CURRENT,258.69,O0000952
P0001839,C00318,006,Alamance,2026-06-23,CURRENT,298.5,O0000952
P0001840,C00318,006,Alamance,2026-07-25,CURRENT,506.21,O0000953
P0001841,C00318,006,Alamance,2026-08-11,CURRENT,77.57,O0000954
P0001842,C00318,006,Alamance,2026-08-20,CURRENT,204.36,O0000954
P0001843,C00318,006,Alamance,2026-08-18,CURRENT,283.23,O0000954
P0001844,C00319,007,Cumberland,2026-06-20,CURRENT,542.4,O0000955
P0001845,C00319,007,Cumberland,2026-07-26,CURRENT,553.88,O0000956
P0001846,C00319,007,Cumberland,2026-08-25,CURRENT,553.68,O0000957
P0001847,C00320,008,Guilford,2026-06-22,CURRENT,595.78,O0000958
P0001848,C00320,008,Guilford,2026-07-15,CURRENT,66.0,O0000959
P0001849,C00320,008,Guilford,2026-07-16,CURRENT,506.65,O0000959
P0001850,C00320,008,Guilford,2026-08-26,CURRENT,596.57,O0000960
P0001851,C00321,001,Wake,2026-06-17,CURRENT,191.5,O0000961
P0001852,C00321,001,Wake,2026-06-01,CURRENT,121.2,O0000961
P0001853,C00321,001,Wake,2026-06-24,ARREARS,75.0,
P0001854,C00321,001,Wake,2026-07-04,CURRENT,256.87,O0000962
P0001855,C00321,001,Wake,2026-07-05,CURRENT,69.23,O0000962
P0001856,C00321,001,Wake,2026-08-16,CURRENT,339.12,O0000963
P0001857,C00322,002,Durham,2026-06-24,CURRENT,261.46,O0000964
P0001858,C00322,002,Durham,2026-07-27,CURRENT,244.32,O0000965
P0001859,C00322,002,Durham,2026-07-09,CURRENT,45.38,O0000965
P0001860,C00322,002,Durham,2026-08-08,CURRENT,268.52,O0000966
P0001861,C00322,002,Durham,2026-08-28,CURRENT,43.83,O0000966
P0001862,C00323,003,Orange,2026-06-24,CURRENT,210.29,O0000967
P0001863,C00323,003,Orange,2026-06-05,CURRENT,286.06,O0000967
P0001864,C00323,003,Orange,2026-07-15,CURRENT,511.61,O0000968
P0001865,C00323,003,Orange,2026-08-18,CURRENT,390.18,O0000969
P0001866,C00323,003,Orange,2026-08-08,CURRENT,85.27,O0000969
P0001867,C00323,003,Orange,2026-08-05,ARREARS,75.0,
P0001868,C00324,004,Johnston,2026-06-26,CURRENT,558.02,O0000970
P0001869,C00324,004,Johnston,2026-06-19,CURRENT,1.63,O0000970
P0001870,C00324,004,Johnston,2026-07-16,CURRENT,525.28,O0000971
P0001871,C00324,004,Johnston,2026-08-28,CURRENT,390.91,O0000972
P0001872,C00324,004,Johnston,2026-08-24,CURRENT,67.26,O0000972
P0001873,C00324,004,Johnston,2026-08-15,CURRENT,87.9,O0000972
P0001874,C00325,005,Chatham,2026-06-28,CURRENT,72.82,O0000973
P0001875,C00325,005,Chatham,2026-06-08,CURRENT,389.92,O0000973
P0001876,C00325,005,Chatham,2026-07-11,CURRENT,416.48,O0000974
P0001877,C00325,005,Chatham,2026-08-02,CURRENT,261.03,O0000975
P0001878,C00325,005,Chatham,2026-08-15,CURRENT,127.6,O0000975
P0001879,C00325,005,Chatham,2026-08-17,CURRENT,110.46,O0000975
P0001880,C00326,006,Alamance,2026-06-10,CURRENT,120.82,O0000976
P0001881,C00326,006,Alamance,2026-06-15,CURRENT,408.78,O0000976
P0001882,C00326,006,Alamance,2026-06-12,CURRENT,37.16,O0000976
P0001883,C00326,006,Alamance,2026-07-07,CURRENT,221.96,O0000977
P0001884,C00326,006,Alamance,2026-07-15,CURRENT,41.28,O0000977
P0001885,C00326,006,Alamance,2026-07-16,CURRENT,265.01,O0000977
P0001886,C00326,006,Alamance,2026-08-07,CURRENT,268.23,O0000978
P0001887,C00326,006,Alamance,2026-08-22,CURRENT,272.7,O0000978
P0001888,C00327,007,Cumberland,2026-06-05,CURRENT,356.38,O0000979
P0001889,C00327,007,Cumberland,2026-07-11,CURRENT,382.71,O0000980
P0001890,C00327,007,Cumberland,2026-08-27,CURRENT,54.77,O0000981
P0001891,C00327,007,Cumberland,2026-08-27,CURRENT,277.17,O0000981
P0001892,C00328,008,Guilford,2026-06-26,CURRENT,434.89,O0000982
P0001893,C00328,008,Guilford,2026-07-03,CURRENT,413.96,O0000983
P0001894,C00328,008,Guilford,2026-08-15,CURRENT,433.98,O0000984
P0001895,C00329,001,Wake,2026-06-07,CURRENT,65.19,O0000985
P0001896,C00329,001,Wake,2026-06-02,CURRENT,205.99,O0000985
P0001897,C00329,001,Wake,2026-07-07,CURRENT,85.04,O0000986
P0001898,C00329,001,Wake,2026-07-25,CURRENT,232.31,O0000986
P0001899,C00329,001,Wake,2026-08-21,CURRENT,171.16,O0000987
P0001900,C00329,001,Wake,2026-08-09,CURRENT,120.9,O0000987
P0001901,C00330,002,Durham,2026-06-23,CURRENT,234.17,O0000988
P0001902,C00330,002,Durham,2026-06-15,CURRENT,113.25,O0000988
P0001903,C00330,002,Durham,2026-06-22,CURRENT,97.24,O0000988
P0001904,C00330,002,Durham,2026-07-22,CURRENT,529.17,O0000989
P0001905,C00330,002,Durham,2026-08-06,CURRENT,341.93,O0000990
P0001906,C00330,002,Durham,2026-08-19,CURRENT,156.61,O0000990
P0001907,C00331,003,Orange,2026-06-26,CURRENT,262.31,O0000991
P0001908,C00331,003,Orange,2026-06-10,CURRENT,74.16,O0000991
P0001909,C00331,003,Orange,2026-07-17,CURRENT,265.42,O0000992
P0001910,C00331,003,Orange,2026-07-14,CURRENT,75.72,O0000992
P0001911,C00331,003,Orange,2026-08-16,CURRENT,99.22,O0000993
P0001912,C00331,003,Orange,2026-08-28,CURRENT,198.33,O0000993
P0001913,C00332,004,Johnston,2026-06-02,CURRENT,52.29,O0000994
P0001914,C00332,004,Johnston,2026-06-01,CURRENT,270.74,O0000994
P0001915,C00332,004,Johnston,2026-07-19,CURRENT,295.88,O0000995
P0001916,C00332,004,Johnston,2026-08-24,CURRENT,183.79,O0000996
P0001917,C00332,004,Johnston,2026-08-22,CURRENT,110.6,O0000996
P0001918,C00333,005,Chatham,2026-06-21,CURRENT,108.09,O0000997
P0001919,C00333,005,Chatham,2026-06-23,CURRENT,122.04,O0000997
P0001920,C00333,005,Chatham,2026-06-26,CURRENT,9.68,O0000997
P0001921,C00333,005,Chatham,2026-06-23,ARREARS,50.0,
P0001922,C00333,005,Chatham,2026-07-25,CURRENT,117.82,O0000998
P0001923,C00333,005,Chatham,2026-07-23,CURRENT,157.89,O0000998
P0001924,C00333,005,Chatham,2026-07-03,CURRENT,13.88,O0000998
P0001925,C00333,005,Chatham,2026-08-26,CURRENT,92.76,O0000999
P0001926,C00333,005,Chatham,2026-08-04,CURRENT,17.4,O0000999
P0001927,C00333,005,Chatham,2026-08-09,CURRENT,166.29,O0000999
P0001928,C00334,006,Alamance,2026-06-13,CURRENT,505.35,O0001000
P0001929,C00334,006,Alamance,2026-07-19,CURRENT,154.27,O0001001
P0001930,C00334,006,Alamance,2026-07-12,CURRENT,178.01,O0001001
P0001931,C00334,006,Alamance,2026-07-15,CURRENT,199.28,O0001001
P0001932,C00334,006,Alamance,2026-08-18,CURRENT,172.64,O0001002
P0001933,C00334,006,Alamance,2026-08-06,CURRENT,5.7,O0001002
P0001934,C00334,006,Alamance,2026-08-28,CURRENT,300.88,O0001002
P0001935,C00335,007,Cumberland,2026-06-27,CURRENT,283.13,O0001003
P0001936,C00335,007,Cumberland,2026-06-17,CURRENT,15.17,O0001003
P0001937,C00335,007,Cumberland,2026-07-21,CURRENT,250.44,O0001004
P0001938,C00335,007,Cumberland,2026-07-07,CURRENT,2.4,O0001004
P0001939,C00335,007,Cumberland,2026-08-22,CURRENT,66.86,O0001005
P0001940,C00335,007,Cumberland,2026-08-19,CURRENT,202.02,O0001005
P0001941,C00336,008,Guilford,2026-06-14,CURRENT,334.17,O0001006
P0001942,C00336,008,Guilford,2026-07-17,CURRENT,122.84,O0001007
P0001943,C00336,008,Guilford,2026-07-27,CURRENT,114.62,O0001007
P0001944,C00336,008,Guilford,2026-07-26,CURRENT,67.55,O0001007
P0001945,C00336,008,Guilford,2026-08-19,CURRENT,361.61,O0001008
P0001946,C00337,001,Wake,2026-06-05,CURRENT,167.59,O0001009
P0001947,C00337,001,Wake,2026-06-25,CURRENT,402.17,O0001009
P0001948,C00337,001,Wake,2026-07-19,CURRENT,346.74,O0001010
P0001949,C00337,001,Wake,2026-07-18,CURRENT,286.61,O0001010
P0001950,C00337,001,Wake,2026-08-08,CURRENT,503.41,O0001011
P0001951,C00337,001,Wake,2026-08-22,CURRENT,100.54,O0001011
P0001952,C00338,002,Durham,2026-06-14,CURRENT,106.78,O0001012
P0001953,C00338,002,Durham,2026-06-12,CURRENT,19.64,O0001012
P0001954,C00338,002,Durham,2026-06-22,CURRENT,211.35,O0001012
P0001955,C00338,002,Durham,2026-07-06,CURRENT,360.41,O0001013
P0001956,C00338,002,Durham,2026-07-03,ARREARS,75.0,
P0001957,C00338,002,Durham,2026-08-13,CURRENT,353.0,O0001014
P0001958,C00339,003,Orange,2026-06-28,CURRENT,220.73,O0001015
P0001959,C00339,003,Orange,2026-06-08,CURRENT,332.93,O0001015
P0001960,C00339,003,Orange,2026-07-04,CURRENT,287.15,O0001016
P0001961,C00339,003,Orange,2026-07-03,CURRENT,277.49,O0001016
P0001962,C00339,003,Orange,2026-08-03,CURRENT,371.33,O0001017
P0001963,C00339,003,Orange,2026-08-21,CURRENT,249.89,O0001017
P0001964,C00340,004,Johnston,2026-06-10,CURRENT,84.85,O0001018
P0001965,C00340,004,Johnston,2026-06-01,CURRENT,112.3,O0001018
P0001966,C00340,004,Johnston,2026-06-13,CURRENT,104.67,O0001018
P0001967,C00340,004,Johnston,2026-07-18,CURRENT,51.03,O0001019
P0001968,C00340,004,Johnston,2026-07-06,CURRENT,243.42,O0001019
P0001969,C00340,004,Johnston,2026-07-11,CURRENT,4.53,O0001019
P0001970,C00340,004,Johnston,2026-08-28,CURRENT,286.7,O0001020
P0001971,C00341,005,Chatham,2026-06-21,CURRENT,298.24,O0001021
P0001972,C00341,005,Chatham,2026-07-20,CURRENT,41.27,O0001022
P0001973,C00341,005,Chatham,2026-07-22,CURRENT,110.58,O0001022
P0001974,C00341,005,Chatham,2026-07-14,CURRENT,152.68,O0001022
P0001975,C00341,005,Chatham,2026-08-14,CURRENT,42.55,O0001023
P0001976,C00341,005,Chatham,2026-08-11,CURRENT,257.26,O0001023
P0001977,C00342,006,Alamance,2026-06-17,CURRENT,501.46,O0001024
P0001978,C00342,006,Alamance,2026-07-01,CURRENT,272.97,O0001025
P0001979,C00342,006,Alamance,2026-07-08,CURRENT,243.47,O0001025
P0001980,C00342,006,Alamance,2026-08-12,CURRENT,274.6,O0001026
P0001981,C00342,006,Alamance,2026-08-09,CURRENT,101.06,O0001026
P0001982,C00342,006,Alamance,2026-08-27,CURRENT,169.51,O0001026
P0001983,C00343,007,Cumberland,2026-06-08,CURRENT,636.19,O0001027
P0001984,C00343,007,Cumberland,2026-07-22,CURRENT,535.49,O0001028
P0001985,C00343,007,Cumberland,2026-08-04,CURRENT,450.25,O0001029
P0001986,C00343,007,Cumberland,2026-08-16,CURRENT,190.96,O0001029
P0001987,C00344,008,Guilford,2026-06-20,CURRENT,244.93,O0001030
P0001988,C00344,008,Guilford,2026-06-24,CURRENT,66.73,O0001030
P0001989,C00344,008,Guilford,2026-06-13,ARREARS,75.0,
P0001990,C00344,008,Guilford,2026-07-24,CURRENT,118.79,O0001031
P0001991,C00344,008,Guilford,2026-07-28,CURRENT,37.99,O0001031
P0001992,C00344,008,Guilford,2026-07-19,CURRENT,118.08,O0001031
P0001993,C00344,008,Guilford,2026-07-10,ARREARS,100.0,
P0001994,C00344,008,Guilford,2026-08-07,CURRENT,310.02,O0001032
P0001995,C00344,008,Guilford,2026-08-21,ARREARS,100.0,
P0001996,C00345,001,Wake,2026-06-27,CURRENT,501.93,O0001033
P0001997,C00345,001,Wake,2026-06-01,ARREARS,50.0,
P0001998,C00345,001,Wake,2026-07-21,CURRENT,496.28,O0001034
P0001999,C00345,001,Wake,2026-07-25,ARREARS,50.0,
P0002000,C00345,001,Wake,2026-08-21,CURRENT,173.94,O0001035
P0002001,C00345,001,Wake,2026-08-08,CURRENT,80.07,O0001035
P0002002,C00345,001,Wake,2026-08-08,CURRENT,214.65,O0001035
P0002003,C00346,002,Durham,2026-06-17,CURRENT,337.77,O0001036
P0002004,C00346,002,Durham,2026-06-17,ARREARS,100.0,
P0002005,C00346,002,Durham,2026-07-02,CURRENT,305.67,O0001037
P0002006,C00346,002,Durham,2026-07-04,ARREARS,50.0,
P0002007,C00346,002,Durham,2026-08-07,CURRENT,228.58,O0001038
P0002008,C00346,002,Durham,2026-08-28,CURRENT,81.21,O0001038
P0002009,C00347,003,Orange,2026-06-25,CURRENT,78.18,O0001039
P0002010,C00347,003,Orange,2026-06-07,CURRENT,231.52,O0001039
P0002011,C00347,003,Orange,2026-07-03,CURRENT,215.81,O0001040
P0002012,C00347,003,Orange,2026-07-21,CURRENT,71.91,O0001040
P0002013,C00347,003,Orange,2026-07-13,ARREARS,75.0,
P0002014,C00347,003,Orange,2026-08-19,CURRENT,22.57,O0001041
P0002015,C00347,003,Orange,2026-08-17,CURRENT,287.67,O0001041
P0002016,C00348,004,Johnston,2026-06-26,CURRENT,322.42,O0001042
P0002017,C00348,004,Johnston,2026-06-05,CURRENT,320.13,O0001042
P0002018,C00348,004,Johnston,2026-06-09,ARREARS,125.0,
P0002019,C00348,004,Johnston,2026-07-19,CURRENT,641.74,O0001043
P0002020,C00348,004,Johnston,2026-07-01,CURRENT,70.55,O0001043
P0002021,C00348,004,Johnston,2026-07-13,ARREARS,100.0,
P0002022,C00348,004,Johnston,2026-08-04,CURRENT,702.51,O0001044
P0002023,C00349,005,Chatham,2026-06-14,CURRENT,472.44,O0001045
P0002024,C00349,005,Chatham,2026-07-03,CURRENT,101.33,O0001046
P0002025,C00349,005,Chatham,2026-07-14,CURRENT,364.98,O0001046
P0002026,C00349,005,Chatham,2026-08-17,CURRENT,457.61,O0001047
P0002027,C00350,006,Alamance,2026-06-22,CURRENT,59.88,O0001048
P0002028,C00350,006,Alamance,2026-06-23,CURRENT,232.27,O0001048
P0002029,C00350,006,Alamance,2026-07-08,CURRENT,316.44,O0001049
P0002030,C00350,006,Alamance,2026-08-01,CURRENT,328.55,O0001050
P0002031,C00351,007,Cumberland,2026-06-02,CURRENT,35.03,O0001051
P0002032,C00351,007,Cumberland,2026-06-17,CURRENT,55.87,O0001051
P0002033,C00351,007,Cumberland,2026-06-10,CURRENT,233.25,O0001051
P0002034,C00351,007,Cumberland,2026-07-21,CURRENT,336.18,O0001052
P0002035,C00351,007,Cumberland,2026-08-07,CURRENT,230.26,O0001053
P0002036,C00351,007,Cumberland,2026-08-11,CURRENT,54.47,O0001053
P0002037,C00351,007,Cumberland,2026-08-12,CURRENT,80.52,O0001053
P0002038,C00352,008,Guilford,2026-06-21,CURRENT,665.64,O0001054
P0002039,C00352,008,Guilford,2026-07-01,CURRENT,6.38,O0001055
P0002040,C00352,008,Guilford,2026-07-11,CURRENT,316.06,O0001055
P0002041,C00352,008,Guilford,2026-07-13,CURRENT,294.84,O0001055
P0002042,C00352,008,Guilford,2026-08-03,CURRENT,248.84,O0001056
P0002043,C00352,008,Guilford,2026-08-05,CURRENT,223.24,O0001056
P0002044,C00352,008,Guilford,2026-08-18,CURRENT,97.52,O0001056
P0002045,C00353,001,Wake,2026-06-07,CURRENT,112.27,O0001057
P0002046,C00353,001,Wake,2026-06-14,CURRENT,67.12,O0001057
P0002047,C00353,001,Wake,2026-06-02,CURRENT,279.12,O0001057
P0002048,C00353,001,Wake,2026-07-11,CURRENT,192.34,O0001058
P0002049,C00353,001,Wake,2026-07-17,CURRENT,217.57,O0001058
P0002050,C00353,001,Wake,2026-08-22,CURRENT,404.93,O0001059
P0002051,C00354,002,Durham,2026-06-05,CURRENT,453.35,O0001060
P0002052,C00354,002,Durham,2026-07-21,CURRENT,0.6,O0001061
P0002053,C00354,002,Durham,2026-07-06,CURRENT,417.97,O0001061
P0002054,C00354,002,Durham,2026-07-25,CURRENT,108.87,O0001061
P0002055,C00354,002,Durham,2026-08-11,CURRENT,85.53,O0001062
P0002056,C00354,002,Durham,2026-08-06,CURRENT,414.72,O0001062
P0002057,C00355,003,Orange,2026-06-23,CURRENT,561.87,O0001063
P0002058,C00355,003,Orange,2026-07-20,CURRENT,389.94,O0001064
P0002059,C00355,003,Orange,2026-07-16,CURRENT,102.84,O0001064
P0002060,C00355,003,Orange,2026-07-06,CURRENT,74.95,O0001064
P0002061,C00355,003,Orange,2026-08-24,CURRENT,587.76,O0001065
P0002062,C00355,003,Orange,2026-08-19,CURRENT,5.67,O0001065
P0002063,C00355,003,Orange,2026-08-18,ARREARS,150.0,
P0002064,C00356,004,Johnston,2026-06-13,CURRENT,85.15,O0001066
P0002065,C00356,004,Johnston,2026-06-12,CURRENT,506.61,O0001066
P0002066,C00356,004,Johnston,2026-07-19,CURRENT,527.95,O0001067
P0002067,C00356,004,Johnston,2026-08-19,CURRENT,523.15,O0001068
P0002068,C00356,004,Johnston,2026-08-26,CURRENT,50.15,O0001068
P0002069,C00356,004,Johnston,2026-08-10,ARREARS,75.0,
P0002070,C00357,005,Chatham,2026-06-23,CURRENT,393.45,O0001069
P0002071,C00357,005,Chatham,2026-06-06,CURRENT,92.21,O0001069
P0002072,C00357,005,Chatham,2026-07-08,CURRENT,546.19,O0001070
P0002073,C00357,005,Chatham,2026-08-11,CURRENT,379.04,O0001071
P0002074,C00357,005,Chatham,2026-08-27,CURRENT,205.73,O0001071
P0002075,C00358,006,Alamance,2026-06-12,CURRENT,182.32,O0001072
P0002076,C00358,006,Alamance,2026-06-26,CURRENT,348.78,O0001072
P0002077,C00358,006,Alamance,2026-07-14,CURRENT,458.58,O0001073
P0002078,C00358,006,Alamance,2026-08-17,CURRENT,517.65,O0001074
P0002079,C00359,007,Cumberland,2026-06-01,CURRENT,604.56,O0001075
P0002080,C00359,007,Cumberland,2026-07-19,CURRENT,487.05,O0001076
P0002081,C00359,007,Cumberland,2026-07-25,CURRENT,55.96,O0001076
P0002082,C00359,007,Cumberland,2026-08-25,CURRENT,530.45,O0001077
P0002083,C00359,007,Cumberland,2026-08-11,CURRENT,82.28,O0001077
P0002084,C00360,008,Guilford,2026-06-10,CURRENT,256.51,O0001078
P0002085,C00360,008,Guilford,2026-06-10,CURRENT,58.46,O0001078
P0002086,C00360,008,Guilford,2026-07-28,CURRENT,105.79,O0001079
P0002087,C00360,008,Guilford,2026-07-10,CURRENT,64.42,O0001079
P0002088,C00360,008,Guilford,2026-07-17,CURRENT,99.91,O0001079
P0002089,C00360,008,Guilford,2026-08-17,CURRENT,94.05,O0001080
P0002090,C00360,008,Guilford,2026-08-25,CURRENT,151.25,O0001080
P0002091,C00360,008,Guilford,2026-08-27,CURRENT,26.2,O0001080
